Distance Travelled,Radial Distance,Deadend,Turned Head,Blocks,Radius,Timeout,Collided
7.829221958,7.577031402,FALSE,0,50,5,FALSE,FALSE
3.870494765,3.540833277,FALSE,0,72,6,FALSE,TRUE
2.662340225,2.492916891,TRUE,0,162,9,FALSE,FALSE
6.638022858,6.286350766,FALSE,0,32,4,FALSE,FALSE
4.992500908,4.920768498,TRUE,0,128,8,FALSE,FALSE
1.976139613,1.916215033,TRUE,0,72,6,FALSE,FALSE
4.930140094,4.892265303,FALSE,0,18,3,FALSE,FALSE
6.465092367,6.246480843,FALSE,0,32,4,FALSE,FALSE
3.791508227,3.402164376,FALSE,0,200,10,FALSE,TRUE
6.358337555,5.360025941,TRUE,0,128,8,FALSE,FALSE
13.15890548,7.54771565,TRUE,0,242,11,FALSE,FALSE
2.954023209,2.902963362,TRUE,0,242,11,FALSE,FALSE
5.737800502,5.376172964,TRUE,0,242,11,FALSE,FALSE
8.540515675,7.708967567,FALSE,0,50,5,FALSE,FALSE
4.825047974,4.787066303,FALSE,0,18,3,FALSE,FALSE
9.210542762,9.022049021,FALSE,0,72,6,FALSE,FALSE
10.27837239,9.034805138,FALSE,0,72,6,FALSE,FALSE
7.275016847,4.817364309,FALSE,0,200,10,FALSE,TRUE
2.036135766,1.978720164,TRUE,0,72,6,FALSE,FALSE
3.650020259,3.641050313,TRUE,0,98,7,FALSE,FALSE
3.430143441,3.236344266,TRUE,0,50,5,FALSE,FALSE
6.474419223,6.285701972,FALSE,0,32,4,FALSE,FALSE
3.269550754,3.006273184,TRUE,0,98,7,FALSE,FALSE
4.850390118,4.850358596,FALSE,0,18,3,FALSE,FALSE
6.472754922,6.201623427,FALSE,0,32,4,FALSE,FALSE
6.472754922,6.201623427,FALSE,0,32,4,FALSE,FALSE
10.73212737,9.120372378,FALSE,0,72,6,FALSE,FALSE
11.1215376,10.48413419,FALSE,0,98,7,FALSE,FALSE
8.019899573,7.636021755,FALSE,0,50,5,FALSE,FALSE
3.641064089,3.641041602,TRUE,0,128,8,FALSE,FALSE
5.254667196,4.931646953,FALSE,0,72,6,FALSE,TRUE
3.375459059,3.238806214,TRUE,0,162,9,FALSE,FALSE
8.997316929,7.675264036,FALSE,0,50,5,FALSE,FALSE
4.235014059,4.111424606,FALSE,0,72,6,FALSE,TRUE
1.965310279,1.923191619,TRUE,0,128,8,FALSE,FALSE
1.630599233,1.630060921,TRUE,0,50,5,FALSE,FALSE
3.934395777,3.805331781,FALSE,0,200,10,FALSE,TRUE
2.569764085,2.010726706,TRUE,0,32,4,FALSE,FALSE
1.630599233,1.630060921,TRUE,0,32,4,FALSE,FALSE
7.57842518,7.578376107,FALSE,0,50,5,FALSE,FALSE
4.850390118,4.850358596,FALSE,0,18,3,FALSE,FALSE
11.59297729,10.44407543,FALSE,0,98,7,FALSE,FALSE
4.850390118,4.850358596,FALSE,0,18,3,FALSE,FALSE
10.08459269,9.028801526,FALSE,0,72,6,FALSE,FALSE
5.049621685,4.781938478,FALSE,0,18,3,FALSE,FALSE
4.771724392,4.574051238,TRUE,0,128,8,FALSE,FALSE
1.923890827,1.688926694,TRUE,0,98,7,FALSE,FALSE
4.885269097,4.79104516,FALSE,0,18,3,FALSE,FALSE
6.396025053,6.241790054,FALSE,0,32,4,FALSE,FALSE
5.913513164,5.870851496,TRUE,0,162,9,FALSE,FALSE
4.659398301,4.419782827,TRUE,0,72,6,FALSE,FALSE
4.638069739,3.887935763,FALSE,0,162,9,FALSE,TRUE
4.850390118,4.850358596,FALSE,0,18,3,FALSE,FALSE
8.960653594,8.823165212,TRUE,0,242,11,FALSE,FALSE
6.214394566,6.214354291,FALSE,0,32,4,FALSE,FALSE
4.850390118,4.850358596,FALSE,0,18,3,FALSE,FALSE
18.97022212,8.555788923,TRUE,0,242,11,FALSE,FALSE
1.630599233,1.630060921,TRUE,0,162,9,FALSE,FALSE
3.309197468,3.068568315,TRUE,0,162,9,FALSE,FALSE
2.577944528,2.577929386,TRUE,0,200,10,FALSE,FALSE
2.684568287,2.632937392,TRUE,0,128,8,FALSE,FALSE
2.684568287,2.632937392,TRUE,0,128,8,FALSE,FALSE
7.351796004,6.278005366,FALSE,0,32,4,FALSE,FALSE
3.042939781,2.97174701,FALSE,0,98,7,FALSE,TRUE
4.617409569,3.603572068,FALSE,0,242,11,FALSE,TRUE
1.630599233,1.630060921,TRUE,0,200,10,FALSE,FALSE
1.976139613,1.916215033,TRUE,0,72,6,FALSE,FALSE
2.830459627,2.52293205,TRUE,0,200,10,FALSE,FALSE
10.30203673,9.06812287,FALSE,0,72,6,FALSE,FALSE
6.474419223,6.285701972,FALSE,0,32,4,FALSE,FALSE
1.965310279,1.923191619,TRUE,0,72,6,FALSE,FALSE
4.850390118,4.850358596,FALSE,0,18,3,FALSE,FALSE
4.806284156,4.711279765,FALSE,0,128,8,FALSE,TRUE
1.965310279,1.923191619,TRUE,0,72,6,FALSE,FALSE
4.440021718,4.229123672,TRUE,0,200,10,FALSE,FALSE
4.850390118,4.850358596,FALSE,0,18,3,FALSE,FALSE
7.57842518,7.578376107,FALSE,0,50,5,FALSE,FALSE
4.108269393,3.788441337,FALSE,0,200,10,FALSE,TRUE
3.440222306,3.070474268,TRUE,0,162,9,FALSE,FALSE
6.263226229,6.168722522,FALSE,0,32,4,FALSE,FALSE
4.850390118,4.850358596,FALSE,0,18,3,FALSE,FALSE
4.850390118,4.850358596,FALSE,0,18,3,FALSE,FALSE
4.122007116,3.669074761,FALSE,0,200,10,FALSE,TRUE
9.982722182,9.096279084,FALSE,0,72,6,FALSE,FALSE
1.923890827,1.688926694,TRUE,0,128,8,FALSE,FALSE
16.67584694,13.252602,FALSE,0,162,9,FALSE,FALSE
9.126183463,6.976493443,TRUE,0,242,11,FALSE,FALSE
3.399990579,3.224171248,TRUE,0,50,5,FALSE,FALSE
7.79193208,7.668500502,FALSE,0,50,5,FALSE,FALSE
3.543717005,3.501258973,FALSE,0,128,8,FALSE,TRUE
9.434535357,9.025985935,FALSE,0,72,6,FALSE,FALSE
6.365038887,5.894625061,TRUE,0,162,9,FALSE,FALSE
1.630599233,1.630060921,TRUE,0,242,11,FALSE,FALSE
3.84062416,3.54447547,FALSE,0,242,11,FALSE,TRUE
3.934702271,3.845108177,TRUE,0,98,7,FALSE,FALSE
6.396045505,4.896100546,TRUE,0,98,7,FALSE,FALSE
10.58645974,10.44094305,FALSE,0,98,7,FALSE,FALSE
9.744199833,9.046102656,FALSE,0,72,6,FALSE,FALSE
6.214394566,6.214354291,FALSE,0,32,4,FALSE,FALSE
2.471568911,2.357779072,TRUE,0,242,11,FALSE,FALSE
7.958299225,7.592665713,FALSE,0,50,5,FALSE,FALSE
2.577944528,2.577929386,TRUE,0,72,6,FALSE,FALSE
6.382286027,6.216391735,FALSE,0,32,4,FALSE,FALSE
6.214394566,6.214354291,FALSE,0,32,4,FALSE,FALSE
4.782392436,4.747202762,FALSE,0,18,3,FALSE,FALSE
4.033264628,3.734130795,TRUE,0,72,6,FALSE,FALSE
3.791508227,3.402164376,FALSE,0,98,7,FALSE,TRUE
4.939548891,4.802964509,FALSE,0,18,3,FALSE,FALSE
2.471568911,2.357779072,TRUE,0,72,6,FALSE,FALSE
7.735861218,7.633158521,FALSE,0,50,5,FALSE,FALSE
2.768417099,2.4115252,TRUE,0,162,9,FALSE,FALSE
6.021246339,5.614690807,FALSE,0,200,10,FALSE,TRUE
3.918372707,3.78059205,FALSE,0,32,4,FALSE,TRUE
5.382705278,4.776752553,FALSE,0,18,3,FALSE,FALSE
2.569206642,2.333435634,TRUE,0,242,11,FALSE,FALSE
5.049621685,4.781938478,FALSE,0,18,3,FALSE,FALSE
7.788583691,7.690610399,FALSE,0,50,5,FALSE,FALSE
7.877429991,6.678325041,TRUE,0,200,10,FALSE,FALSE
6.474419223,6.285701972,FALSE,0,32,4,FALSE,FALSE
5.311510968,4.653641391,TRUE,0,72,6,FALSE,FALSE
10.4777834,10.42078851,FALSE,0,98,7,FALSE,FALSE
7.289150239,6.963537318,FALSE,0,128,8,FALSE,TRUE
4.705702778,4.305745597,FALSE,0,128,8,FALSE,TRUE
1.965310279,1.923191619,TRUE,0,128,8,FALSE,FALSE
1.923890827,1.688926694,TRUE,0,200,10,FALSE,FALSE
2.577944528,2.577929386,TRUE,0,72,6,FALSE,FALSE
6.932117751,6.875979653,TRUE,0,200,10,FALSE,FALSE
5.104690702,4.663787835,TRUE,0,200,10,FALSE,FALSE
10.67854383,3.418950508,TRUE,0,98,7,FALSE,FALSE
1.630599233,1.630060921,TRUE,0,162,9,FALSE,FALSE
4.850390118,4.850358596,FALSE,0,18,3,FALSE,FALSE
1.923890827,1.688926694,TRUE,0,72,6,FALSE,FALSE
1.630599233,1.630060921,TRUE,0,98,7,FALSE,FALSE
4.549698231,4.119870224,TRUE,0,200,10,FALSE,FALSE
4.855957989,4.777647696,TRUE,0,162,9,FALSE,FALSE
7.57842518,7.578376107,FALSE,0,50,5,FALSE,FALSE
2.49704143,2.313825444,TRUE,0,242,11,FALSE,FALSE
4.825047974,4.787066303,FALSE,0,18,3,FALSE,FALSE
6.299724703,6.262775468,FALSE,0,32,4,FALSE,FALSE
4.814408832,4.776421541,FALSE,0,18,3,FALSE,FALSE
1.630599233,1.630060921,TRUE,0,32,4,FALSE,FALSE
8.172276808,7.711569056,FALSE,0,50,5,FALSE,FALSE
2.662340225,2.492916891,TRUE,0,200,10,FALSE,FALSE
2.036135766,1.978720164,TRUE,0,50,5,FALSE,FALSE
6.929327215,6.08849315,TRUE,0,128,8,FALSE,FALSE
3.399196331,3.191423627,TRUE,0,98,7,FALSE,FALSE
6.267453605,6.162417154,FALSE,0,32,4,FALSE,FALSE
2.819547286,2.474663675,TRUE,0,32,4,FALSE,FALSE
5.096456035,4.881447791,FALSE,0,18,3,FALSE,FALSE
1.911669229,1.670222098,TRUE,0,98,7,FALSE,FALSE
7.918043491,7.703969058,FALSE,0,50,5,FALSE,FALSE
2.662499779,2.500787266,TRUE,0,200,10,FALSE,FALSE
2.878244877,2.80840703,TRUE,0,50,5,FALSE,FALSE
10.15121465,9.084078732,FALSE,0,72,6,FALSE,FALSE
8.48006282,7.652952758,FALSE,0,50,5,FALSE,FALSE
2.768417099,2.4115252,TRUE,0,200,10,FALSE,FALSE
2.543288473,2.384759222,TRUE,0,72,6,FALSE,FALSE
2.036135766,1.978720164,TRUE,0,200,10,FALSE,FALSE
9.461572105,9.375764767,FALSE,0,242,11,FALSE,TRUE
4.330316218,4.082476038,TRUE,0,200,10,FALSE,FALSE
4.897330554,4.789843973,FALSE,0,18,3,FALSE,FALSE
12.27454654,9.112285421,FALSE,0,72,6,FALSE,FALSE
1.630599233,1.630060921,TRUE,0,162,9,FALSE,FALSE
4.825047974,4.787066303,FALSE,0,18,3,FALSE,FALSE
2.681122236,2.51861227,TRUE,0,98,7,FALSE,FALSE
12.76496254,11.94444732,FALSE,0,128,8,FALSE,FALSE
5.003847249,4.841124211,FALSE,0,18,3,FALSE,FALSE
2.878244877,2.80840703,TRUE,0,128,8,FALSE,FALSE
4.835378876,4.753527455,TRUE,0,98,7,FALSE,FALSE
3.846714433,3.533362549,FALSE,0,128,8,FALSE,TRUE
3.309197468,3.068568315,TRUE,0,50,5,FALSE,FALSE
1.630599233,1.630060921,TRUE,0,200,10,FALSE,FALSE
5.841122571,5.615559721,FALSE,0,72,6,FALSE,TRUE
1.630599233,1.630060921,TRUE,0,32,4,FALSE,FALSE
4.432547173,3.808113603,TRUE,0,98,7,FALSE,FALSE
10.10961844,9.1138696,FALSE,0,72,6,FALSE,FALSE
1.630599233,1.630060921,TRUE,0,72,6,FALSE,FALSE
4.850390118,4.850358596,FALSE,0,18,3,FALSE,FALSE
5.316824602,4.874278038,FALSE,0,18,3,FALSE,FALSE
3.82566961,3.526366472,FALSE,0,72,6,FALSE,TRUE
11.73321784,10.40106541,FALSE,0,98,7,FALSE,FALSE
14.23824292,8.304331756,FALSE,0,162,9,FALSE,TRUE
8.03464058,7.839121764,FALSE,0,242,11,FALSE,TRUE
3.142133025,3.007034766,TRUE,0,72,6,FALSE,FALSE
6.388960723,6.215359039,FALSE,0,32,4,FALSE,FALSE
5.003847249,4.841124211,FALSE,0,18,3,FALSE,FALSE
4.441894598,4.234202213,FALSE,0,50,5,FALSE,TRUE
4.473433367,4.258601044,FALSE,0,162,9,FALSE,TRUE
3.337810398,3.171031518,TRUE,0,128,8,FALSE,FALSE
5.785031771,5.641399031,FALSE,0,98,7,FALSE,TRUE
7.998212781,7.716493002,FALSE,0,50,5,FALSE,FALSE
4.022640178,3.955241026,TRUE,0,162,9,FALSE,FALSE
12.00546925,11.95576858,FALSE,0,128,8,FALSE,FALSE
4.782392436,4.747202762,FALSE,0,18,3,FALSE,FALSE
6.809607823,6.502419416,FALSE,0,128,8,FALSE,TRUE
10.90235752,8.63283084,FALSE,0,242,11,FALSE,TRUE
7.200169245,3.948434839,FALSE,0,128,8,FALSE,TRUE
1.630599233,1.630060921,TRUE,0,162,9,FALSE,FALSE
4.701086159,4.54719694,TRUE,0,200,10,FALSE,FALSE
3.685506371,3.221043238,TRUE,0,162,9,FALSE,FALSE
9.125033623,9.027545847,FALSE,0,72,6,FALSE,FALSE
1.911669229,1.670222098,TRUE,0,128,8,FALSE,FALSE
1.965310279,1.923191619,TRUE,0,242,11,FALSE,FALSE
3.808843465,3.731622507,FALSE,0,242,11,FALSE,TRUE
4.930140094,4.892265303,FALSE,0,18,3,FALSE,FALSE
1.630599233,1.630060921,TRUE,0,200,10,FALSE,FALSE
6.735778103,6.026838581,TRUE,0,200,10,FALSE,FALSE
1.630599233,1.630060921,TRUE,0,200,10,FALSE,FALSE
16.12586674,14.71005376,FALSE,0,200,10,FALSE,FALSE
7.175797964,6.26438377,FALSE,0,32,4,FALSE,FALSE
3.823370095,3.43840892,FALSE,0,98,7,FALSE,TRUE
8.114241665,7.289654695,FALSE,0,162,9,FALSE,TRUE
15.46848621,13.37305292,FALSE,0,162,9,FALSE,FALSE
3.399196331,3.191423627,TRUE,0,162,9,FALSE,FALSE
5.096456035,4.881447791,FALSE,0,18,3,FALSE,FALSE
7.67309417,7.576862827,FALSE,0,50,5,FALSE,FALSE
6.536423465,6.272075375,FALSE,0,32,4,FALSE,FALSE
3.309197468,3.068568315,TRUE,0,72,6,FALSE,FALSE
4.930140094,4.892265303,FALSE,0,18,3,FALSE,FALSE
4.206221877,3.778208272,TRUE,0,98,7,FALSE,FALSE
5.062944639,4.518675113,TRUE,0,162,9,FALSE,FALSE
2.768417099,2.4115252,TRUE,0,162,9,FALSE,FALSE
2.49704143,2.313825444,TRUE,0,162,9,FALSE,FALSE
4.665264208,4.411776455,TRUE,0,72,6,FALSE,FALSE
1.630599233,1.630060921,TRUE,0,242,11,FALSE,FALSE
4.906987244,4.676950558,FALSE,0,50,5,FALSE,TRUE
2.577944528,2.577929386,TRUE,0,128,8,FALSE,FALSE
2.471568911,2.357779072,TRUE,0,72,6,FALSE,FALSE
7.767479993,7.615815003,FALSE,0,50,5,FALSE,FALSE
3.462536972,3.236206939,TRUE,0,200,10,FALSE,FALSE
2.830459627,2.52293205,TRUE,0,50,5,FALSE,FALSE
1.911669229,1.670222098,TRUE,0,128,8,FALSE,FALSE
3.552138378,3.296344163,TRUE,0,128,8,FALSE,FALSE
4.729933241,4.460250636,TRUE,0,200,10,FALSE,FALSE
6.939900518,6.592003044,FALSE,0,98,7,FALSE,TRUE
7.684131497,7.613938149,FALSE,0,50,5,FALSE,FALSE
4.850390118,4.850358596,FALSE,0,18,3,FALSE,FALSE
6.288570024,6.253937722,FALSE,0,32,4,FALSE,FALSE
4.850390118,4.850358596,FALSE,0,18,3,FALSE,FALSE
3.384686689,3.062148428,TRUE,0,162,9,FALSE,FALSE
7.174069831,6.402003134,TRUE,0,128,8,FALSE,FALSE
7.137161956,6.963124888,TRUE,0,200,10,FALSE,FALSE
3.322935835,3.155180593,TRUE,0,242,11,FALSE,FALSE
8.427116676,7.710314845,FALSE,0,50,5,FALSE,FALSE
3.880876336,3.82929463,TRUE,0,242,11,FALSE,FALSE
5.176105251,4.845125204,FALSE,0,50,5,FALSE,TRUE
4.550187644,4.244152936,FALSE,0,162,9,FALSE,TRUE
9.123357052,7.502566,TRUE,0,162,9,FALSE,FALSE
4.161345087,3.791903294,TRUE,0,50,5,FALSE,FALSE
4.755301558,3.319560927,TRUE,0,162,9,FALSE,FALSE
7.316474635,6.652291671,TRUE,0,128,8,FALSE,FALSE
6.696271415,5.429497839,TRUE,0,242,11,FALSE,FALSE
16.96085994,10.41480443,FALSE,0,98,7,FALSE,FALSE
6.214394566,6.214354291,FALSE,0,32,4,FALSE,FALSE
7.145743737,6.229031212,FALSE,0,32,4,FALSE,FALSE
1.971935398,1.930134277,TRUE,0,242,11,FALSE,FALSE
6.041922385,5.894652053,TRUE,0,200,10,FALSE,FALSE
3.066000606,2.969752589,FALSE,0,200,10,FALSE,TRUE
12.40813737,11.91919084,FALSE,0,128,8,FALSE,FALSE
6.544772188,5.921360168,TRUE,0,200,10,FALSE,FALSE
14.99293201,14.75027045,FALSE,0,200,10,FALSE,FALSE
1.971935398,1.930134277,TRUE,0,128,8,FALSE,FALSE
4.793308104,4.441441231,TRUE,0,50,5,FALSE,FALSE
2.735093139,2.677337298,TRUE,0,200,10,FALSE,FALSE
2.569206642,2.333435634,TRUE,0,128,8,FALSE,FALSE
5.44792021,4.924582549,FALSE,0,98,7,FALSE,TRUE
13.12040816,11.90610431,FALSE,0,128,8,FALSE,FALSE
4.135148955,3.780043695,TRUE,0,50,5,FALSE,FALSE
6.933842347,6.171833469,FALSE,0,32,4,FALSE,FALSE
16.03989764,13.34372118,FALSE,0,162,9,FALSE,FALSE
13.94810001,11.8312575,FALSE,0,128,8,FALSE,FALSE
2.810357149,2.790718882,TRUE,0,72,6,FALSE,FALSE
8.458745808,7.648039155,FALSE,0,50,5,FALSE,FALSE
4.317972366,4.109267527,TRUE,0,98,7,FALSE,FALSE
5.049621685,4.781938478,FALSE,0,18,3,FALSE,FALSE
6.670866285,6.178992946,FALSE,0,32,4,FALSE,FALSE
5.294754725,4.845155041,FALSE,0,18,3,FALSE,FALSE
4.016257414,3.976918234,TRUE,0,128,8,FALSE,FALSE
5.172856415,5.009551623,TRUE,0,98,7,FALSE,FALSE
4.09478734,4.019584063,FALSE,0,98,7,FALSE,TRUE
14.84199629,11.88720652,FALSE,0,128,8,FALSE,FALSE
1.976139613,1.916215033,TRUE,0,98,7,FALSE,FALSE
3.618605816,3.27351223,TRUE,0,98,7,FALSE,FALSE
7.283688135,6.592210093,TRUE,0,242,11,FALSE,FALSE
4.850390118,4.850358596,FALSE,0,18,3,FALSE,FALSE
7.652407388,7.54632147,FALSE,0,200,10,FALSE,TRUE
7.995850128,7.720413214,FALSE,0,50,5,FALSE,FALSE
3.961786061,3.804224272,FALSE,0,32,4,FALSE,TRUE
6.428601791,6.002502354,TRUE,0,242,11,FALSE,FALSE
7.931665486,6.280014269,FALSE,0,32,4,FALSE,FALSE
9.415735089,9.125452996,FALSE,0,72,6,FALSE,FALSE
3.543272608,3.50067774,FALSE,0,72,6,FALSE,TRUE
6.670866285,6.178992946,FALSE,0,32,4,FALSE,FALSE
3.838445261,3.554265762,FALSE,0,32,4,FALSE,TRUE
3.989403095,3.917449827,TRUE,0,128,8,FALSE,FALSE
4.814408832,4.776421541,FALSE,0,18,3,FALSE,FALSE
5.017835239,4.862743325,FALSE,0,72,6,FALSE,TRUE
4.939548891,4.802964509,FALSE,0,18,3,FALSE,FALSE
3.291507377,3.176403083,TRUE,0,242,11,FALSE,FALSE
1.911669229,1.670222098,TRUE,0,242,11,FALSE,FALSE
1.630599233,1.630060921,TRUE,0,72,6,FALSE,FALSE
2.577944528,2.577929386,TRUE,0,98,7,FALSE,FALSE
4.850390118,4.850358596,FALSE,0,18,3,FALSE,FALSE
7.869698147,7.649608373,FALSE,0,50,5,FALSE,FALSE
3.027023465,2.969601909,TRUE,0,242,11,FALSE,FALSE
1.923890827,1.688926694,TRUE,0,50,5,FALSE,FALSE
12.16712527,11.85485142,FALSE,0,128,8,FALSE,FALSE
4.578070899,3.996835849,FALSE,0,32,4,FALSE,TRUE
7.768559428,7.706198474,FALSE,0,50,5,FALSE,FALSE
4.897330554,4.789843973,FALSE,0,18,3,FALSE,FALSE
3.309197468,3.068568315,TRUE,0,242,11,FALSE,FALSE
4.179298787,4.084921799,TRUE,0,72,6,FALSE,FALSE
5.791605575,5.275706585,TRUE,0,98,7,FALSE,FALSE
6.686675045,6.225225417,FALSE,0,32,4,FALSE,FALSE
2.808152544,2.788446675,TRUE,0,128,8,FALSE,FALSE
6.412047117,6.304064517,FALSE,0,32,4,FALSE,FALSE
6.270924592,6.198996932,FALSE,0,32,4,FALSE,FALSE
7.873551813,7.691822003,FALSE,0,50,5,FALSE,FALSE
4.577705106,3.876520799,TRUE,0,200,10,FALSE,FALSE
3.641064089,3.641041602,TRUE,0,242,11,FALSE,FALSE
4.611078595,4.463695464,FALSE,0,72,6,FALSE,TRUE
4.753338867,4.624347117,TRUE,0,200,10,FALSE,FALSE
7.148749692,4.195780943,TRUE,0,98,7,FALSE,FALSE
5.619352314,5.610215544,TRUE,0,242,11,FALSE,FALSE
4.766628999,3.762317968,FALSE,0,128,8,FALSE,TRUE
6.214394566,6.214354291,FALSE,0,32,4,FALSE,FALSE
2.889787266,2.845455305,TRUE,0,72,6,FALSE,FALSE
6.992815146,4.615717885,FALSE,0,72,6,FALSE,TRUE
5.318033862,5.090810438,FALSE,0,162,9,FALSE,TRUE
19.09468781,13.29791064,FALSE,0,162,9,FALSE,FALSE
1.923890827,1.688926694,TRUE,0,128,8,FALSE,FALSE
6.034221377,5.41584982,TRUE,0,162,9,FALSE,FALSE
2.654344841,2.504117987,TRUE,0,72,6,FALSE,FALSE
3.89014686,3.784116259,FALSE,0,200,10,FALSE,TRUE
4.722080435,4.336453152,FALSE,0,50,5,FALSE,TRUE
4.712960894,4.298141027,FALSE,0,50,5,FALSE,TRUE
4.270140227,4.168449354,TRUE,0,200,10,FALSE,FALSE
9.200308535,9.126855312,FALSE,0,72,6,FALSE,FALSE
2.471568911,2.357779072,TRUE,0,32,4,FALSE,FALSE
7.125719728,5.228963095,FALSE,0,72,6,FALSE,TRUE
1.630599233,1.630060921,TRUE,0,242,11,FALSE,FALSE
10.54335689,10.42486589,FALSE,0,98,7,FALSE,FALSE
3.027023465,2.969601909,TRUE,0,242,11,FALSE,FALSE
4.612420988,4.051768479,TRUE,0,200,10,FALSE,FALSE
11.2131117,10.4772345,FALSE,0,98,7,FALSE,FALSE
5.300094585,5.113184458,FALSE,0,50,5,FALSE,TRUE
2.819547286,2.474663675,TRUE,0,50,5,FALSE,FALSE
1.923890827,1.688926694,TRUE,0,128,8,FALSE,FALSE
9.973418168,9.110117749,FALSE,0,72,6,FALSE,FALSE
6.743043173,6.5564808,FALSE,0,242,11,FALSE,TRUE
2.735093139,2.677337298,TRUE,0,98,7,FALSE,FALSE
4.850390118,4.850358596,FALSE,0,18,3,FALSE,FALSE
2.49704143,2.313825444,TRUE,0,32,4,FALSE,FALSE
6.214394566,6.214354291,FALSE,0,32,4,FALSE,FALSE
4.496310726,4.268739064,FALSE,0,200,10,FALSE,TRUE
5.983853059,5.253523613,FALSE,0,200,10,FALSE,TRUE
1.630599233,1.630060921,TRUE,0,128,8,FALSE,FALSE
2.569764085,2.010726706,TRUE,0,72,6,FALSE,FALSE
1.630599233,1.630060921,TRUE,0,162,9,FALSE,FALSE
4.781251431,4.761171549,TRUE,0,200,10,FALSE,FALSE
4.014041251,3.796504763,TRUE,0,162,9,FALSE,FALSE
3.309197468,3.068568315,TRUE,0,50,5,FALSE,FALSE
4.814408832,4.776421541,FALSE,0,18,3,FALSE,FALSE
6.67834575,6.348243604,FALSE,0,72,6,FALSE,TRUE
2.036135766,1.978720164,TRUE,0,128,8,FALSE,FALSE
3.838960899,3.792985485,TRUE,0,128,8,FALSE,FALSE
1.630599233,1.630060921,TRUE,0,50,5,FALSE,FALSE
6.412047117,6.304064517,FALSE,0,32,4,FALSE,FALSE
14.39129726,13.34643891,FALSE,0,162,9,FALSE,FALSE
1.911669229,1.670222098,TRUE,0,98,7,FALSE,FALSE
1.630599233,1.630060921,TRUE,0,72,6,FALSE,FALSE
3.934395777,3.805331781,FALSE,0,72,6,FALSE,TRUE
3.438336941,3.046709571,TRUE,0,50,5,FALSE,FALSE
3.433296015,3.056017825,TRUE,0,128,8,FALSE,FALSE
2.49704143,2.313825444,TRUE,0,242,11,FALSE,FALSE
3.791508227,3.402164376,FALSE,0,32,4,FALSE,TRUE
1.971935398,1.930134277,TRUE,0,200,10,FALSE,FALSE
2.577944528,2.577929386,TRUE,0,200,10,FALSE,FALSE
1.630599233,1.630060921,TRUE,0,32,4,FALSE,FALSE
2.654344841,2.504117987,TRUE,0,98,7,FALSE,FALSE
7.135718552,5.927811634,TRUE,0,242,11,FALSE,FALSE
8.265793199,7.667146723,FALSE,0,50,5,FALSE,FALSE
3.311391163,3.020738683,TRUE,0,200,10,FALSE,FALSE
5.293949418,5.142448473,FALSE,0,128,8,FALSE,TRUE
4.885269097,4.79104516,FALSE,0,18,3,FALSE,FALSE
4.904479263,4.606302161,TRUE,0,98,7,FALSE,FALSE
1.923890827,1.688926694,TRUE,0,242,11,FALSE,FALSE
4.40115244,3.332792192,TRUE,0,98,7,FALSE,FALSE
3.411595309,3.260981858,TRUE,0,72,6,FALSE,FALSE
7.70325696,7.597347089,FALSE,0,50,5,FALSE,FALSE
3.433296015,3.056017825,TRUE,0,72,6,FALSE,FALSE
2.577944528,2.577929386,TRUE,0,72,6,FALSE,FALSE
10.48761889,10.46663008,FALSE,0,98,7,FALSE,FALSE
12.99987866,5.372054698,FALSE,0,200,10,FALSE,TRUE
3.852966158,3.787496132,TRUE,0,242,11,FALSE,FALSE
5.096456035,4.881447791,FALSE,0,18,3,FALSE,FALSE
3.322935835,3.155180593,TRUE,0,128,8,FALSE,FALSE
3.882826518,3.815410625,TRUE,0,72,6,FALSE,FALSE
2.569206642,2.333435634,TRUE,0,200,10,FALSE,FALSE
1.630599233,1.630060921,TRUE,0,162,9,FALSE,FALSE
2.577944528,2.577929386,TRUE,0,242,11,FALSE,FALSE
7.745519566,7.592425454,FALSE,0,50,5,FALSE,FALSE
3.972373573,3.799234476,TRUE,0,72,6,FALSE,FALSE
5.096456035,4.881447791,FALSE,0,18,3,FALSE,FALSE
2.569206642,2.333435634,TRUE,0,98,7,FALSE,FALSE
6.34585017,6.262860512,FALSE,0,32,4,FALSE,FALSE
3.81311668,3.766691012,TRUE,0,98,7,FALSE,FALSE
4.885269097,4.79104516,FALSE,0,18,3,FALSE,FALSE
1.911669229,1.670222098,TRUE,0,242,11,FALSE,FALSE
7.280839114,6.519040591,FALSE,0,162,9,FALSE,TRUE
5.027300475,4.908662503,TRUE,0,200,10,FALSE,FALSE
3.82566961,3.526366472,FALSE,0,50,5,FALSE,TRUE
1.971935398,1.930134277,TRUE,0,50,5,FALSE,FALSE
6.288570024,6.253937722,FALSE,0,32,4,FALSE,FALSE
7.808041192,7.695293832,FALSE,0,50,5,FALSE,FALSE
1.630599233,1.630060921,TRUE,0,242,11,FALSE,FALSE
6.326114041,6.285242986,FALSE,0,32,4,FALSE,FALSE
3.838960899,3.792985485,TRUE,0,242,11,FALSE,FALSE
3.442776192,3.038528789,TRUE,0,200,10,FALSE,FALSE
7.918579195,7.730030086,TRUE,0,200,10,FALSE,FALSE
1.976139613,1.916215033,TRUE,0,128,8,FALSE,FALSE
5.334711345,5.104771097,FALSE,0,98,7,FALSE,TRUE
4.351050018,3.852951942,FALSE,0,72,6,FALSE,TRUE
3.401703105,3.231253335,TRUE,0,162,9,FALSE,FALSE
1.965310279,1.923191619,TRUE,0,98,7,FALSE,FALSE
2.036135766,1.978720164,TRUE,0,32,4,FALSE,FALSE
4.814408832,4.776421541,FALSE,0,18,3,FALSE,FALSE
2.830459627,2.52293205,TRUE,0,162,9,FALSE,FALSE
6.314647375,6.248026401,FALSE,0,32,4,FALSE,FALSE
9.629388689,8.77733511,TRUE,0,242,11,FALSE,FALSE
6.914407022,4.557196667,FALSE,0,128,8,FALSE,TRUE
5.129068177,4.729305888,FALSE,0,72,6,FALSE,TRUE
4.930140094,4.892265303,FALSE,0,18,3,FALSE,FALSE
4.825047974,4.787066303,FALSE,0,18,3,FALSE,FALSE
9.709024087,9.093763636,FALSE,0,72,6,FALSE,FALSE
7.934680073,6.455470905,TRUE,0,242,11,FALSE,FALSE
1.971935398,1.930134277,TRUE,0,200,10,FALSE,FALSE
4.814408832,4.776421541,FALSE,0,18,3,FALSE,FALSE
1.630599233,1.630060921,TRUE,0,162,9,FALSE,FALSE
2.865990693,2.817180811,TRUE,0,162,9,FALSE,FALSE
3.530217792,3.470798878,FALSE,0,98,7,FALSE,TRUE
4.782392436,4.747202762,FALSE,0,18,3,FALSE,FALSE
3.433296015,3.056017825,TRUE,0,32,4,FALSE,FALSE
3.068920072,2.972523636,FALSE,0,128,8,FALSE,TRUE
3.586914276,2.907846732,TRUE,0,50,5,FALSE,FALSE
6.487213505,6.3689315,TRUE,0,200,10,FALSE,FALSE
4.850390118,4.850358596,FALSE,0,18,3,FALSE,FALSE
2.577944528,2.577929386,TRUE,0,162,9,FALSE,FALSE
9.669676092,9.090059373,FALSE,0,72,6,FALSE,FALSE
9.100219917,9.100151908,FALSE,0,72,6,FALSE,FALSE
8.554113299,7.586722526,FALSE,0,50,5,FALSE,FALSE
3.314812353,3.105202887,TRUE,0,72,6,FALSE,FALSE
6.270924592,6.198996932,FALSE,0,32,4,FALSE,FALSE
7.67309417,7.576862827,FALSE,0,50,5,FALSE,FALSE
7.935297463,7.116727749,FALSE,0,128,8,FALSE,TRUE
7.6932847,7.650322455,FALSE,0,50,5,FALSE,FALSE
6.923671507,2.771055332,TRUE,0,200,10,FALSE,FALSE
6.288570024,6.253937722,FALSE,0,32,4,FALSE,FALSE
3.641064089,3.641041602,TRUE,0,200,10,FALSE,FALSE
4.930399139,4.74177834,FALSE,0,50,5,FALSE,TRUE
5.553938793,5.141643221,FALSE,0,98,7,FALSE,TRUE
4.354848049,3.77009408,TRUE,0,50,5,FALSE,FALSE
5.096456035,4.881447791,FALSE,0,18,3,FALSE,FALSE
3.808843465,3.731622507,FALSE,0,98,7,FALSE,TRUE
3.769335513,3.417935474,FALSE,0,162,9,FALSE,TRUE
4.547730298,4.483733096,FALSE,0,242,11,FALSE,TRUE
3.82566961,3.526366472,FALSE,0,162,9,FALSE,TRUE
2.577944528,2.577929386,TRUE,0,128,8,FALSE,FALSE
1.976139613,1.916215033,TRUE,0,128,8,FALSE,FALSE
2.954023209,2.902963362,TRUE,0,162,9,FALSE,FALSE
4.885269097,4.79104516,FALSE,0,18,3,FALSE,FALSE
2.49704143,2.313825444,TRUE,0,128,8,FALSE,FALSE
9.370417094,8.99717079,FALSE,0,72,6,FALSE,FALSE
5.30961516,4.834885006,FALSE,0,18,3,FALSE,FALSE
4.086247737,3.901738606,TRUE,0,128,8,FALSE,FALSE
9.462735189,6.218220095,FALSE,0,32,4,FALSE,FALSE
6.409475566,5.853806147,TRUE,0,242,11,FALSE,FALSE
3.020812616,2.961201048,TRUE,0,200,10,FALSE,FALSE
1.630599233,1.630060921,TRUE,0,242,11,FALSE,FALSE
5.738022024,4.588354357,FALSE,0,128,8,FALSE,TRUE
1.976139613,1.916215033,TRUE,0,32,4,FALSE,FALSE
7.597983907,7.588777232,FALSE,0,50,5,FALSE,FALSE
7.703282601,7.590923634,FALSE,0,50,5,FALSE,FALSE
2.577944528,2.577929386,TRUE,0,72,6,FALSE,FALSE
17.22652771,4.883710654,FALSE,0,128,8,FALSE,TRUE
3.556900397,3.514004007,FALSE,0,98,7,FALSE,TRUE
13.70198491,13.23383662,FALSE,0,162,9,FALSE,FALSE
2.998032325,2.890841205,TRUE,0,200,10,FALSE,FALSE
7.475520373,6.664079906,TRUE,0,128,8,FALSE,FALSE
5.850958251,4.438078991,FALSE,0,162,9,FALSE,TRUE
4.850390118,4.850358596,FALSE,0,18,3,FALSE,FALSE
4.368792005,3.81509465,TRUE,0,72,6,FALSE,FALSE
3.78732562,3.272736996,TRUE,0,50,5,FALSE,FALSE
3.82566961,3.526366472,FALSE,0,200,10,FALSE,TRUE
2.471568911,2.357779072,TRUE,0,72,6,FALSE,FALSE
2.577944528,2.577929386,TRUE,0,98,7,FALSE,FALSE
1.630599233,1.630060921,TRUE,0,50,5,FALSE,FALSE
4.651222607,3.864005678,TRUE,0,72,6,FALSE,FALSE
5.049621685,4.781938478,FALSE,0,18,3,FALSE,FALSE
3.667873263,3.215008254,TRUE,0,242,11,FALSE,FALSE
2.49704143,2.313825444,TRUE,0,200,10,FALSE,FALSE
1.965310279,1.923191619,TRUE,0,242,11,FALSE,FALSE
5.30961516,4.834885006,FALSE,0,18,3,FALSE,FALSE
7.57842518,7.578376107,FALSE,0,50,5,FALSE,FALSE
4.758733679,4.519531097,FALSE,0,72,6,FALSE,TRUE
2.654344841,2.504117987,TRUE,0,32,4,FALSE,FALSE
1.911669229,1.670222098,TRUE,0,200,10,FALSE,FALSE
1.911669229,1.670222098,TRUE,0,98,7,FALSE,FALSE
6.298141033,6.258684051,FALSE,0,32,4,FALSE,FALSE
1.630599233,1.630060921,TRUE,0,32,4,FALSE,FALSE
2.471568911,2.357779072,TRUE,0,242,11,FALSE,FALSE
3.716640619,3.554735849,FALSE,0,50,5,FALSE,TRUE
1.923890827,1.688926694,TRUE,0,98,7,FALSE,FALSE
1.976139613,1.916215033,TRUE,0,162,9,FALSE,FALSE
4.814408832,4.776421541,FALSE,0,18,3,FALSE,FALSE
5.766567454,5.283513057,TRUE,0,72,6,FALSE,FALSE
6.429447699,6.258585505,FALSE,0,32,4,FALSE,FALSE
5.185125784,4.553711129,TRUE,0,162,9,FALSE,FALSE
1.976139613,1.916215033,TRUE,0,200,10,FALSE,FALSE
9.40097416,9.116330034,FALSE,0,72,6,FALSE,FALSE
4.825047974,4.787066303,FALSE,0,18,3,FALSE,FALSE
13.74847953,6.370916404,FALSE,0,72,6,FALSE,TRUE
6.672919443,6.211780583,FALSE,0,32,4,FALSE,FALSE
3.375459059,3.238806214,TRUE,0,128,8,FALSE,FALSE
3.370863058,3.099317204,TRUE,0,98,7,FALSE,FALSE
5.470005047,5.145898361,FALSE,0,162,9,FALSE,TRUE
6.986569403,6.477704913,FALSE,0,200,10,FALSE,TRUE
1.923890827,1.688926694,TRUE,0,162,9,FALSE,FALSE
2.49704143,2.313825444,TRUE,0,242,11,FALSE,FALSE
2.768417099,2.4115252,TRUE,0,162,9,FALSE,FALSE
4.850390118,4.850358596,FALSE,0,18,3,FALSE,FALSE
4.531126383,4.042427494,TRUE,0,72,6,FALSE,FALSE
10.66841013,10.41126033,FALSE,0,98,7,FALSE,FALSE
7.800999871,7.696205938,FALSE,0,50,5,FALSE,FALSE
2.808152544,2.788446675,TRUE,0,98,7,FALSE,FALSE
3.829177475,3.343114985,FALSE,0,128,8,FALSE,TRUE
4.930140094,4.892265303,FALSE,0,18,3,FALSE,FALSE
7.019088575,6.205970726,FALSE,0,32,4,FALSE,FALSE
3.973605859,3.805972094,TRUE,0,98,7,FALSE,FALSE
4.782392436,4.747202762,FALSE,0,18,3,FALSE,FALSE
3.03192582,2.976371663,TRUE,0,50,5,FALSE,FALSE
3.820181817,3.015645254,TRUE,0,72,6,FALSE,FALSE
4.782392436,4.747202762,FALSE,0,18,3,FALSE,FALSE
7.654660207,7.589149352,FALSE,0,50,5,FALSE,FALSE
4.825047974,4.787066303,FALSE,0,18,3,FALSE,FALSE
1.965310279,1.923191619,TRUE,0,128,8,FALSE,FALSE
6.573963839,6.494692236,FALSE,0,162,9,FALSE,TRUE
4.850390118,4.850358596,FALSE,0,18,3,FALSE,FALSE
4.389674407,4.141221184,TRUE,0,72,6,FALSE,FALSE
10.81815455,9.117202008,FALSE,0,72,6,FALSE,FALSE
7.94524447,7.639292682,FALSE,0,50,5,FALSE,FALSE
5.886625925,4.896785948,FALSE,0,98,7,FALSE,TRUE
14.70010973,13.34781684,FALSE,0,162,9,FALSE,FALSE
5.011062306,4.724077848,TRUE,0,98,7,FALSE,FALSE
2.830459627,2.52293205,TRUE,0,50,5,FALSE,FALSE
2.471568911,2.357779072,TRUE,0,162,9,FALSE,FALSE
6.481494778,6.163693947,FALSE,0,32,4,FALSE,FALSE
6.214394566,6.214354291,FALSE,0,32,4,FALSE,FALSE
4.107447258,3.896004441,FALSE,0,162,9,FALSE,TRUE
2.49704143,2.313825444,TRUE,0,50,5,FALSE,FALSE
3.441743194,3.079652603,TRUE,0,72,6,FALSE,FALSE
4.742025795,4.328380469,FALSE,0,200,10,FALSE,TRUE
6.214394566,6.214354291,FALSE,0,32,4,FALSE,FALSE
2.819547286,2.474663675,TRUE,0,72,6,FALSE,FALSE
9.586121064,9.097807906,FALSE,0,72,6,FALSE,FALSE
4.584930799,4.420493388,FALSE,0,162,9,FALSE,TRUE
2.763071321,2.318437233,TRUE,0,50,5,FALSE,FALSE
7.368808993,7.182934089,TRUE,0,242,11,FALSE,FALSE
4.893385483,4.770555838,TRUE,0,200,10,FALSE,FALSE
3.430143441,3.236344266,TRUE,0,98,7,FALSE,FALSE
9.217742882,9.093159142,FALSE,0,72,6,FALSE,FALSE
6.298141033,6.258684051,FALSE,0,32,4,FALSE,FALSE
8.011347471,7.636636368,FALSE,0,50,5,FALSE,FALSE
9.199100788,9.125674919,FALSE,0,72,6,FALSE,FALSE
4.517587387,4.256473617,FALSE,0,200,10,FALSE,TRUE
7.664952381,7.624572009,FALSE,0,50,5,FALSE,FALSE
3.309197468,3.068568315,TRUE,0,242,11,FALSE,FALSE
12.91131577,11.82114418,FALSE,0,128,8,FALSE,FALSE
7.791551153,7.693099843,FALSE,0,50,5,FALSE,FALSE
10.75042405,9.000331174,FALSE,0,200,10,FALSE,TRUE
6.333388776,6.25433773,FALSE,0,32,4,FALSE,FALSE
5.274762595,5.002157114,TRUE,0,200,10,FALSE,FALSE
7.776480984,7.661709723,FALSE,0,50,5,FALSE,FALSE
7.57842518,7.578376107,FALSE,0,50,5,FALSE,FALSE
7.895554213,7.641652409,FALSE,0,50,5,FALSE,FALSE
5.034295348,4.788919413,FALSE,0,18,3,FALSE,FALSE
2.896385755,2.828798008,TRUE,0,128,8,FALSE,FALSE
7.541452654,6.248863378,FALSE,0,32,4,FALSE,FALSE
6.249040583,6.189601546,FALSE,0,32,4,FALSE,FALSE
3.870494765,3.540833277,FALSE,0,242,11,FALSE,TRUE
5.707561444,5.652799876,TRUE,0,200,10,FALSE,FALSE
9.872940382,9.077163805,FALSE,0,72,6,FALSE,FALSE
15.39118594,13.31590003,FALSE,0,162,9,FALSE,FALSE
1.630599233,1.630060921,TRUE,0,50,5,FALSE,FALSE
6.34585017,6.262860512,FALSE,0,32,4,FALSE,FALSE
3.675383321,3.619122009,TRUE,0,162,9,FALSE,FALSE
6.263226229,6.168722522,FALSE,0,32,4,FALSE,FALSE
1.965310279,1.923191619,TRUE,0,162,9,FALSE,FALSE
4.825047974,4.787066303,FALSE,0,18,3,FALSE,FALSE
2.036135766,1.978720164,TRUE,0,32,4,FALSE,FALSE
5.049621685,4.781938478,FALSE,0,18,3,FALSE,FALSE
4.814408832,4.776421541,FALSE,0,18,3,FALSE,FALSE
12.3572989,11.88205638,FALSE,0,128,8,FALSE,FALSE
8.656655683,7.705390232,FALSE,0,50,5,FALSE,FALSE
6.314647375,6.248026401,FALSE,0,32,4,FALSE,FALSE
1.630599233,1.630060921,TRUE,0,50,5,FALSE,FALSE
4.850390118,4.850358596,FALSE,0,18,3,FALSE,FALSE
9.254494736,9.123705179,FALSE,0,72,6,FALSE,FALSE
6.849255201,4.620272288,TRUE,0,98,7,FALSE,FALSE
1.923890827,1.688926694,TRUE,0,162,9,FALSE,FALSE
1.630599233,1.630060921,TRUE,0,72,6,FALSE,FALSE
2.830459627,2.52293205,TRUE,0,98,7,FALSE,FALSE
6.509338524,6.209263738,FALSE,0,32,4,FALSE,FALSE
10.27384596,8.992097625,FALSE,0,72,6,FALSE,FALSE
5.002564856,4.451033786,TRUE,0,128,8,FALSE,FALSE
2.49704143,2.313825444,TRUE,0,72,6,FALSE,FALSE
5.034518441,4.789154314,FALSE,0,18,3,FALSE,FALSE
4.850390118,4.850358596,FALSE,0,18,3,FALSE,FALSE
2.998032325,2.890841205,TRUE,0,50,5,FALSE,FALSE
4.814408832,4.776421541,FALSE,0,18,3,FALSE,FALSE
4.669186322,4.26337803,FALSE,0,162,9,FALSE,TRUE
4.850390118,4.850358596,FALSE,0,18,3,FALSE,FALSE
1.971935398,1.930134277,TRUE,0,200,10,FALSE,FALSE
3.555142438,3.495646138,FALSE,0,200,10,FALSE,TRUE
5.052300881,4.803596983,TRUE,0,242,11,FALSE,FALSE
12.37991023,11.88097344,FALSE,0,128,8,FALSE,FALSE
6.297954935,6.168401887,TRUE,0,128,8,FALSE,FALSE
5.678684061,5.508167006,FALSE,0,200,10,FALSE,TRUE
7.024209145,6.230482,FALSE,0,32,4,FALSE,FALSE
17.38338984,14.6933941,FALSE,0,200,10,FALSE,FALSE
6.304837639,6.182322048,FALSE,0,32,4,FALSE,FALSE
16.69954509,15.38245509,FALSE,0,242,11,TRUE,FALSE
8.073052284,7.291388647,TRUE,0,162,9,FALSE,FALSE
4.187233777,4.057292431,TRUE,0,98,7,FALSE,FALSE
3.309197468,3.068568315,TRUE,0,162,9,FALSE,FALSE
4.695137724,4.450759395,TRUE,0,128,8,FALSE,FALSE
4.215920261,3.837382757,TRUE,0,50,5,FALSE,FALSE
1.923890827,1.688926694,TRUE,0,50,5,FALSE,FALSE
9.233097805,8.506851152,FALSE,0,162,9,FALSE,TRUE
9.851274922,9.069803919,FALSE,0,72,6,FALSE,FALSE
2.681122236,2.51861227,TRUE,0,200,10,FALSE,FALSE
4.537564795,4.478354914,FALSE,0,162,9,FALSE,TRUE
6.045024467,5.970558858,TRUE,0,162,9,FALSE,FALSE
3.370863058,3.099317204,TRUE,0,162,9,FALSE,FALSE
1.965310279,1.923191619,TRUE,0,50,5,FALSE,FALSE
2.577944528,2.577929386,TRUE,0,98,7,FALSE,FALSE
5.68688369,5.241380427,TRUE,0,72,6,FALSE,FALSE
7.286308706,6.820005042,TRUE,0,128,8,FALSE,FALSE
6.330259881,6.217867222,FALSE,0,32,4,FALSE,FALSE
4.764217688,3.75017346,TRUE,0,200,10,FALSE,FALSE
4.939548891,4.802964509,FALSE,0,18,3,FALSE,FALSE
6.588441103,6.193364101,FALSE,0,32,4,FALSE,FALSE
4.700266416,4.281686972,FALSE,0,200,10,FALSE,TRUE
8.348520741,7.658069471,FALSE,0,50,5,FALSE,FALSE
3.543717005,3.501258973,FALSE,0,200,10,FALSE,TRUE
5.799635765,5.735012168,TRUE,0,200,10,FALSE,FALSE
6.308121445,6.166522662,FALSE,0,32,4,FALSE,FALSE
3.314812353,3.105202887,TRUE,0,72,6,FALSE,FALSE
2.036135766,1.978720164,TRUE,0,72,6,FALSE,FALSE
2.036135766,1.978720164,TRUE,0,98,7,FALSE,FALSE
2.768417099,2.4115252,TRUE,0,242,11,FALSE,FALSE
4.094644095,3.747023617,FALSE,0,200,10,FALSE,TRUE
3.962435984,3.728103871,FALSE,0,242,11,FALSE,TRUE
18.1888532,16.13900859,FALSE,0,242,11,FALSE,FALSE
7.745519566,7.592425454,FALSE,0,50,5,FALSE,FALSE
4.62880119,4.345372921,TRUE,0,200,10,FALSE,FALSE
13.1100598,9.025055418,FALSE,0,72,6,FALSE,FALSE
3.114900707,2.873671053,FALSE,0,98,7,FALSE,TRUE
4.850390118,4.850358596,FALSE,0,18,3,FALSE,FALSE
1.630599233,1.630060921,TRUE,0,162,9,FALSE,FALSE
2.681122236,2.51861227,TRUE,0,200,10,FALSE,FALSE
3.298467877,3.042010673,TRUE,0,242,11,FALSE,FALSE
4.939548891,4.802964509,FALSE,0,18,3,FALSE,FALSE
9.063772216,8.990444436,FALSE,0,72,6,FALSE,FALSE
3.449258364,3.339596676,TRUE,0,242,11,FALSE,FALSE
1.911669229,1.670222098,TRUE,0,32,4,FALSE,FALSE
7.66686562,6.925848279,FALSE,0,200,10,FALSE,TRUE
4.825047974,4.787066303,FALSE,0,18,3,FALSE,FALSE
3.836860657,3.785392967,TRUE,0,72,6,FALSE,FALSE
4.850390118,4.850358596,FALSE,0,18,3,FALSE,FALSE
6.420144966,6.241226891,FALSE,0,32,4,FALSE,FALSE
2.49704143,2.313825444,TRUE,0,32,4,FALSE,FALSE
9.215354046,8.992612982,FALSE,0,72,6,FALSE,FALSE
5.095033331,4.748936331,TRUE,0,200,10,FALSE,FALSE
7.736739834,7.623094183,FALSE,0,50,5,FALSE,FALSE
5.659307625,5.505849428,FALSE,0,162,9,FALSE,TRUE
15.68117377,12.03312403,FALSE,0,242,11,FALSE,TRUE
6.819503015,6.524036316,TRUE,0,200,10,FALSE,FALSE
6.488662541,6.027655279,TRUE,0,128,8,FALSE,FALSE
4.582175807,3.804556062,TRUE,0,162,9,FALSE,FALSE
3.462488364,3.349901389,TRUE,0,72,6,FALSE,FALSE
1.923890827,1.688926694,TRUE,0,200,10,FALSE,FALSE
1.971935398,1.930134277,TRUE,0,162,9,FALSE,FALSE
3.785697522,3.242145709,TRUE,0,72,6,FALSE,FALSE
4.814408832,4.776421541,FALSE,0,18,3,FALSE,FALSE
14.06684672,13.35479956,FALSE,0,162,9,FALSE,FALSE
2.830459627,2.52293205,TRUE,0,72,6,FALSE,FALSE
7.57842518,7.578376107,FALSE,0,50,5,FALSE,FALSE
6.46674854,6.243398614,FALSE,0,32,4,FALSE,FALSE
8.448779902,7.669858933,FALSE,0,50,5,FALSE,FALSE
7.827628373,7.703646784,FALSE,0,50,5,FALSE,FALSE
7.768264421,7.651779683,FALSE,0,50,5,FALSE,FALSE
6.632806406,6.099354296,FALSE,0,242,11,FALSE,TRUE
8.931033956,8.454434554,FALSE,0,128,8,FALSE,TRUE
3.001703401,2.827959851,TRUE,0,50,5,FALSE,FALSE
1.630599233,1.630060921,TRUE,0,242,11,FALSE,FALSE
4.682628695,4.523594918,FALSE,0,128,8,FALSE,TRUE
6.702528684,6.160473293,FALSE,0,98,7,FALSE,TRUE
4.476320458,3.400093017,TRUE,0,128,8,FALSE,FALSE
3.934395777,3.805331781,FALSE,0,98,7,FALSE,TRUE
4.200636818,4.103111416,TRUE,0,72,6,FALSE,FALSE
2.49704143,2.313825444,TRUE,0,200,10,FALSE,FALSE
2.662340225,2.492916891,TRUE,0,242,11,FALSE,FALSE
6.368392746,6.204004994,FALSE,0,32,4,FALSE,FALSE
9.577686683,9.007043584,FALSE,0,72,6,FALSE,FALSE
8.566557676,8.322099532,FALSE,0,242,11,FALSE,TRUE
3.418223901,3.068905457,TRUE,0,200,10,FALSE,FALSE
3.82566961,3.526366472,FALSE,0,242,11,FALSE,TRUE
1.923890827,1.688926694,TRUE,0,162,9,FALSE,FALSE
4.026893856,3.789655213,TRUE,0,72,6,FALSE,FALSE
6.282433084,6.229270224,FALSE,0,32,4,FALSE,FALSE
6.885770321,6.222650289,FALSE,0,32,4,FALSE,FALSE
2.768417099,2.4115252,TRUE,0,50,5,FALSE,FALSE
2.569206642,2.333435634,TRUE,0,128,8,FALSE,FALSE
6.314647375,6.248026401,FALSE,0,32,4,FALSE,FALSE
4.673401435,4.256839453,FALSE,0,98,7,FALSE,TRUE
4.850390118,4.850358596,FALSE,0,18,3,FALSE,FALSE
1.923890827,1.688926694,TRUE,0,128,8,FALSE,FALSE
4.682628695,4.523594918,FALSE,0,162,9,FALSE,TRUE
3.441743194,3.079652603,TRUE,0,128,8,FALSE,FALSE
5.826198574,5.717885452,TRUE,0,242,11,FALSE,FALSE
1.923890827,1.688926694,TRUE,0,200,10,FALSE,FALSE
6.405036385,5.996333525,FALSE,0,98,7,FALSE,TRUE
10.97547555,7.618705967,FALSE,0,50,5,FALSE,FALSE
15.82625522,14.69942549,FALSE,0,200,10,FALSE,FALSE
2.896385755,2.828798008,TRUE,0,128,8,FALSE,FALSE
2.569764085,2.010726706,TRUE,0,162,9,FALSE,FALSE
8.455938131,7.576765668,FALSE,0,50,5,FALSE,FALSE
7.856539487,7.67186787,FALSE,0,50,5,FALSE,FALSE
6.214394566,6.214354291,FALSE,0,32,4,FALSE,FALSE
4.026262961,3.793130202,TRUE,0,128,8,FALSE,FALSE
3.313822891,3.209918362,TRUE,0,72,6,FALSE,FALSE
2.954023209,2.902963362,TRUE,0,72,6,FALSE,FALSE
15.74006063,14.76857973,FALSE,0,200,10,FALSE,FALSE
6.375548375,5.88572973,TRUE,0,162,9,FALSE,FALSE
4.801531857,4.593981406,TRUE,0,128,8,FALSE,FALSE
2.763071321,2.318437233,TRUE,0,200,10,FALSE,FALSE
7.116028541,7.032218987,TRUE,0,200,10,FALSE,FALSE
4.850390118,4.850358596,FALSE,0,18,3,FALSE,FALSE
5.257826119,4.282993626,TRUE,0,200,10,FALSE,FALSE
4.736074103,4.591337709,TRUE,0,200,10,FALSE,FALSE
6.214394566,6.214354291,FALSE,0,32,4,FALSE,FALSE
8.13193232,7.639421265,FALSE,0,50,5,FALSE,FALSE
2.577944528,2.577929386,TRUE,0,162,9,FALSE,FALSE
6.158954949,6.019021889,FALSE,0,200,10,FALSE,TRUE
6.638455992,6.297501925,FALSE,0,200,10,FALSE,TRUE
2.768417099,2.4115252,TRUE,0,98,7,FALSE,FALSE
4.764791021,4.545087848,TRUE,0,242,11,FALSE,FALSE
6.36908382,5.047764401,TRUE,0,98,7,FALSE,FALSE
2.896385755,2.828798008,TRUE,0,200,10,FALSE,FALSE
6.087541148,4.899348136,TRUE,0,98,7,FALSE,FALSE
5.363684812,4.067065274,TRUE,0,200,10,FALSE,FALSE
4.930140094,4.892265303,FALSE,0,18,3,FALSE,FALSE
2.735093139,2.677337298,TRUE,0,162,9,FALSE,FALSE
9.132603369,9.069371431,FALSE,0,72,6,FALSE,FALSE
3.309197468,3.068568315,TRUE,0,72,6,FALSE,FALSE
9.023974819,8.988875537,FALSE,0,72,6,FALSE,FALSE
5.489050984,4.392164375,FALSE,0,162,9,FALSE,TRUE
5.619168349,4.476898272,TRUE,0,98,7,FALSE,FALSE
4.885269097,4.79104516,FALSE,0,18,3,FALSE,FALSE
2.036135766,1.978720164,TRUE,0,242,11,FALSE,FALSE
5.794807378,5.706419139,TRUE,0,242,11,FALSE,FALSE
13.99258196,6.187211702,FALSE,0,32,4,FALSE,FALSE
1.976139613,1.916215033,TRUE,0,242,11,FALSE,FALSE
2.768417099,2.4115252,TRUE,0,200,10,FALSE,FALSE
6.372687422,5.968166714,TRUE,0,162,9,FALSE,FALSE
4.850390118,4.850358596,FALSE,0,18,3,FALSE,FALSE
6.214394566,6.214354291,FALSE,0,32,4,FALSE,FALSE
1.923890827,1.688926694,TRUE,0,50,5,FALSE,FALSE
2.569206642,2.333435634,TRUE,0,242,11,FALSE,FALSE
2.830459627,2.52293205,TRUE,0,50,5,FALSE,FALSE
3.543272608,3.50067774,FALSE,0,128,8,FALSE,TRUE
6.638022858,6.286350766,FALSE,0,32,4,FALSE,FALSE
2.49704143,2.313825444,TRUE,0,242,11,FALSE,FALSE
3.311391163,3.020738683,TRUE,0,72,6,FALSE,FALSE
1.971935398,1.930134277,TRUE,0,242,11,FALSE,FALSE
3.556900397,3.514004007,FALSE,0,162,9,FALSE,TRUE
10.66906693,10.50247818,FALSE,0,98,7,FALSE,FALSE
2.819547286,2.474663675,TRUE,0,200,10,FALSE,FALSE
3.860768816,3.545243714,FALSE,0,98,7,FALSE,TRUE
4.741068568,4.354769627,FALSE,0,72,6,FALSE,TRUE
6.250033559,6.164344662,FALSE,0,32,4,FALSE,FALSE
8.426683879,7.707131697,FALSE,0,50,5,FALSE,FALSE
5.316824602,4.874278038,FALSE,0,18,3,FALSE,FALSE
4.930140094,4.892265303,FALSE,0,18,3,FALSE,FALSE
2.768417099,2.4115252,TRUE,0,200,10,FALSE,FALSE
4.853908323,4.694311445,TRUE,0,162,9,FALSE,FALSE
7.827827974,7.638214277,FALSE,0,50,5,FALSE,FALSE
3.899326328,3.754658055,FALSE,0,98,7,FALSE,TRUE
3.942215409,3.887107027,TRUE,0,242,11,FALSE,FALSE
8.475291445,7.580082196,FALSE,0,50,5,FALSE,FALSE
9.433490842,9.101557271,FALSE,0,72,6,FALSE,FALSE
4.850390118,4.850358596,FALSE,0,18,3,FALSE,FALSE
1.911669229,1.670222098,TRUE,0,72,6,FALSE,FALSE
1.630599233,1.630060921,TRUE,0,50,5,FALSE,FALSE
4.930140094,4.892265303,FALSE,0,18,3,FALSE,FALSE
2.798206924,2.452486008,TRUE,0,32,4,FALSE,FALSE
3.877946142,3.769687104,FALSE,0,72,6,FALSE,TRUE
7.55739621,6.553318523,FALSE,0,242,11,FALSE,TRUE
4.350445146,4.141711377,FALSE,0,128,8,FALSE,TRUE
4.850390118,4.850358596,FALSE,0,18,3,FALSE,FALSE
4.939548891,4.802964509,FALSE,0,18,3,FALSE,FALSE
5.049621685,4.781938478,FALSE,0,18,3,FALSE,FALSE
7.791551153,7.693099843,FALSE,0,50,5,FALSE,FALSE
4.850390118,4.850358596,FALSE,0,18,3,FALSE,FALSE
10.14068916,9.018975236,FALSE,0,72,6,FALSE,FALSE
6.570070568,6.175958304,FALSE,0,32,4,FALSE,FALSE
4.547730298,4.483733096,FALSE,0,200,10,FALSE,TRUE
6.530576685,6.293993841,FALSE,0,32,4,FALSE,FALSE
8.408899696,7.576383309,FALSE,0,50,5,FALSE,FALSE
1.965310279,1.923191619,TRUE,0,242,11,FALSE,FALSE
1.971935398,1.930134277,TRUE,0,200,10,FALSE,FALSE
9.311799496,9.036723528,FALSE,0,72,6,FALSE,FALSE
4.816097329,4.709817508,FALSE,0,200,10,FALSE,TRUE
6.308576433,5.858435258,TRUE,0,72,6,FALSE,FALSE
6.26613324,6.175793298,FALSE,0,32,4,FALSE,FALSE
10.42246875,9.752556923,FALSE,0,200,10,FALSE,TRUE
3.142133025,3.007034766,TRUE,0,50,5,FALSE,FALSE
3.439121716,3.197746789,FALSE,0,242,11,FALSE,TRUE
1.965310279,1.923191619,TRUE,0,32,4,FALSE,FALSE
7.483950633,6.251050092,FALSE,0,32,4,FALSE,FALSE
5.920802518,4.990294299,FALSE,0,128,8,FALSE,TRUE
1.630599233,1.630060921,TRUE,0,200,10,FALSE,FALSE
5.003847249,4.841124211,FALSE,0,18,3,FALSE,FALSE
4.850390118,4.850358596,FALSE,0,18,3,FALSE,FALSE
5.018214147,4.848890222,TRUE,0,242,11,FALSE,FALSE
3.666577142,3.593868292,TRUE,0,200,10,FALSE,FALSE
9.970875582,9.484955881,TRUE,0,242,11,FALSE,FALSE
4.657556053,4.134603169,TRUE,0,98,7,FALSE,FALSE
3.890923386,3.097577595,TRUE,0,200,10,FALSE,FALSE
6.306637555,4.197550761,TRUE,0,98,7,FALSE,FALSE
1.971935398,1.930134277,TRUE,0,200,10,FALSE,FALSE
6.368392746,6.204004994,FALSE,0,32,4,FALSE,FALSE
6.710618547,6.517260392,FALSE,0,162,9,FALSE,TRUE
1.630599233,1.630060921,TRUE,0,98,7,FALSE,FALSE
4.864399492,4.769281673,TRUE,0,242,11,FALSE,FALSE
4.885269097,4.79104516,FALSE,0,18,3,FALSE,FALSE
4.782392436,4.747202762,FALSE,0,18,3,FALSE,FALSE
6.36482825,6.247301078,FALSE,0,242,11,FALSE,TRUE
6.468607962,6.245137968,FALSE,0,32,4,FALSE,FALSE
6.657455396,6.265257751,FALSE,0,32,4,FALSE,FALSE
9.693791868,8.993837918,FALSE,0,72,6,FALSE,FALSE
4.897330554,4.789843973,FALSE,0,18,3,FALSE,FALSE
3.357886198,2.988280988,TRUE,0,162,9,FALSE,FALSE
3.625443886,3.434027151,TRUE,0,162,9,FALSE,FALSE
8.060408233,7.583301609,FALSE,0,50,5,FALSE,FALSE
14.7689457,14.67963775,FALSE,0,200,10,FALSE,FALSE
4.685654159,4.624382741,TRUE,0,128,8,FALSE,FALSE
6.214394566,6.214354291,FALSE,0,32,4,FALSE,FALSE
5.639680963,5.20714587,TRUE,0,128,8,FALSE,FALSE
4.825047974,4.787066303,FALSE,0,18,3,FALSE,FALSE
6.298141033,6.258684051,FALSE,0,32,4,FALSE,FALSE
6.089992764,5.686994277,TRUE,0,200,10,FALSE,FALSE
3.027023465,2.969601909,TRUE,0,242,11,FALSE,FALSE
2.795809804,2.448804624,TRUE,0,242,11,FALSE,FALSE
3.042939781,2.97174701,FALSE,0,242,11,FALSE,TRUE
3.472497894,3.153332687,TRUE,0,162,9,FALSE,FALSE
2.49704143,2.313825444,TRUE,0,200,10,FALSE,FALSE
3.309197468,3.068568315,TRUE,0,162,9,FALSE,FALSE
5.567051659,5.118046151,FALSE,0,50,5,FALSE,TRUE
4.939548891,4.802964509,FALSE,0,18,3,FALSE,FALSE
7.839245703,7.69572783,FALSE,0,50,5,FALSE,FALSE
6.388476483,6.279100684,FALSE,0,32,4,FALSE,FALSE
3.921330825,3.780073199,FALSE,0,72,6,FALSE,TRUE
5.298752165,4.955593779,FALSE,0,72,6,FALSE,TRUE
2.49704143,2.313825444,TRUE,0,162,9,FALSE,FALSE
6.333388776,6.25433773,FALSE,0,32,4,FALSE,FALSE
10.11334986,9.062019258,FALSE,0,72,6,FALSE,FALSE
6.723680715,6.291329746,FALSE,0,32,4,FALSE,FALSE
12.75254803,11.87508695,FALSE,0,128,8,FALSE,FALSE
9.570233049,9.041575435,TRUE,0,200,10,FALSE,FALSE
4.850390118,4.850358596,FALSE,0,18,3,FALSE,FALSE
3.911918704,3.850129924,TRUE,0,162,9,FALSE,FALSE
4.326772886,4.095357291,TRUE,0,72,6,FALSE,FALSE
10.58656141,10.42305877,FALSE,0,98,7,FALSE,FALSE
7.691107283,7.623950128,FALSE,0,50,5,FALSE,FALSE
4.814408832,4.776421541,FALSE,0,18,3,FALSE,FALSE
3.84861019,3.513927662,FALSE,0,98,7,FALSE,TRUE
4.779121265,4.598221238,TRUE,0,242,11,FALSE,FALSE
2.878244877,2.80840703,TRUE,0,162,9,FALSE,FALSE
2.471568911,2.357779072,TRUE,0,242,11,FALSE,FALSE
1.630599233,1.630060921,TRUE,0,98,7,FALSE,FALSE
8.034623884,7.706124149,FALSE,0,50,5,FALSE,FALSE
7.759377353,7.638631107,FALSE,0,50,5,FALSE,FALSE
6.282433084,6.229270224,FALSE,0,32,4,FALSE,FALSE
5.813699323,5.686396999,FALSE,0,200,10,FALSE,TRUE
4.939548891,4.802964509,FALSE,0,18,3,FALSE,FALSE
1.923890827,1.688926694,TRUE,0,162,9,FALSE,FALSE
5.925326593,5.465536613,FALSE,0,162,9,FALSE,TRUE
7.740851314,7.335556963,TRUE,0,128,8,FALSE,FALSE
2.471568911,2.357779072,TRUE,0,242,11,FALSE,FALSE
5.294754725,4.845155041,FALSE,0,18,3,FALSE,FALSE
3.966932034,3.816783003,FALSE,0,32,4,FALSE,TRUE
3.847920185,3.514379538,FALSE,0,98,7,FALSE,TRUE
3.292860614,3.07264316,TRUE,0,32,4,FALSE,FALSE
1.923890827,1.688926694,TRUE,0,98,7,FALSE,FALSE
3.828591855,2.813921471,TRUE,0,200,10,FALSE,FALSE
3.902312991,3.766704001,TRUE,0,98,7,FALSE,FALSE
9.034291089,8.99335025,FALSE,0,72,6,FALSE,FALSE
3.462488364,3.349901389,TRUE,0,72,6,FALSE,FALSE
3.556900397,3.514004007,FALSE,0,72,6,FALSE,TRUE
2.49704143,2.313825444,TRUE,0,128,8,FALSE,FALSE
4.850390118,4.850358596,FALSE,0,18,3,FALSE,FALSE
4.322491774,4.121033919,TRUE,0,98,7,FALSE,FALSE
5.105164069,4.741321627,FALSE,0,128,8,FALSE,TRUE
4.063963699,3.820573923,TRUE,0,50,5,FALSE,FALSE
1.630599233,1.630060921,TRUE,0,200,10,FALSE,FALSE
9.415636447,9.07351024,FALSE,0,72,6,FALSE,FALSE
4.850390118,4.850358596,FALSE,0,18,3,FALSE,FALSE
2.662340225,2.492916891,TRUE,0,50,5,FALSE,FALSE
5.78116575,5.666082193,FALSE,0,200,10,FALSE,TRUE
3.678252201,2.768836507,TRUE,0,128,8,FALSE,FALSE
2.036135766,1.978720164,TRUE,0,242,11,FALSE,FALSE
10.62117915,10.50495028,FALSE,0,98,7,FALSE,FALSE
5.049621685,4.781938478,FALSE,0,18,3,FALSE,FALSE
4.21320848,3.536619783,TRUE,0,242,11,FALSE,FALSE
3.142133025,3.007034766,TRUE,0,50,5,FALSE,FALSE
2.569206642,2.333435634,TRUE,0,200,10,FALSE,FALSE
2.543288473,2.384759222,TRUE,0,162,9,FALSE,FALSE
9.149285907,8.997713539,FALSE,0,72,6,FALSE,FALSE
7.774647074,7.684911398,FALSE,0,50,5,FALSE,FALSE
2.49704143,2.313825444,TRUE,0,32,4,FALSE,FALSE
3.399990579,3.224171248,TRUE,0,200,10,FALSE,FALSE
5.30961516,4.834885006,FALSE,0,18,3,FALSE,FALSE
4.814408832,4.776421541,FALSE,0,18,3,FALSE,FALSE
7.803229445,7.644309305,FALSE,0,50,5,FALSE,FALSE
3.859433489,3.546467067,FALSE,0,200,10,FALSE,TRUE
6.514515514,6.261047625,FALSE,0,32,4,FALSE,FALSE
1.971935398,1.930134277,TRUE,0,98,7,FALSE,FALSE
5.099960487,4.825146826,FALSE,0,18,3,FALSE,FALSE
4.782392436,4.747202762,FALSE,0,18,3,FALSE,FALSE
10.63553121,10.52613761,FALSE,0,98,7,FALSE,FALSE
1.911669229,1.670222098,TRUE,0,72,6,FALSE,FALSE
4.289969588,4.105112489,FALSE,0,242,11,FALSE,TRUE
6.172809671,6.044773798,TRUE,0,128,8,FALSE,FALSE
1.630599233,1.630060921,TRUE,0,98,7,FALSE,FALSE
3.702180132,3.540394868,FALSE,0,98,7,FALSE,TRUE
2.49704143,2.313825444,TRUE,0,72,6,FALSE,FALSE
4.850390118,4.850358596,FALSE,0,18,3,FALSE,FALSE
5.648806772,4.869750332,FALSE,0,18,3,FALSE,FALSE
11.2305456,9.607083921,TRUE,0,242,11,FALSE,FALSE
6.130603062,5.866341795,TRUE,0,128,8,FALSE,FALSE
5.280359743,5.072608824,FALSE,0,98,7,FALSE,TRUE
6.34585017,6.262860512,FALSE,0,32,4,FALSE,FALSE
7.940651372,7.588248745,FALSE,0,50,5,FALSE,FALSE
3.902312991,3.766704001,TRUE,0,98,7,FALSE,FALSE
2.681122236,2.51861227,TRUE,0,162,9,FALSE,FALSE
7.960508712,7.642271633,FALSE,0,50,5,FALSE,FALSE
6.299724703,6.262775468,FALSE,0,32,4,FALSE,FALSE
5.747864681,4.826409612,TRUE,0,200,10,FALSE,FALSE
3.8973399,3.754532008,FALSE,0,72,6,FALSE,TRUE
8.436033973,7.65698273,FALSE,0,50,5,FALSE,FALSE
7.768507557,7.706351074,FALSE,0,50,5,FALSE,FALSE
12.19212869,10.41449186,FALSE,0,98,7,FALSE,FALSE
3.096257302,2.849690713,FALSE,0,98,7,FALSE,TRUE
3.838960899,3.792985485,TRUE,0,200,10,FALSE,FALSE
9.100088479,9.026992198,FALSE,0,72,6,FALSE,FALSE
4.825047974,4.787066303,FALSE,0,18,3,FALSE,FALSE
6.971115604,6.205127156,FALSE,0,32,4,FALSE,FALSE
10.48330838,9.589426209,TRUE,0,200,10,FALSE,FALSE
6.088667664,5.135845096,TRUE,0,98,7,FALSE,FALSE
1.965310279,1.923191619,TRUE,0,242,11,FALSE,FALSE
1.630599233,1.630060921,TRUE,0,72,6,FALSE,FALSE
6.506361387,6.294254342,FALSE,0,32,4,FALSE,FALSE
6.278455737,5.82781169,FALSE,0,98,7,FALSE,TRUE
3.870712158,3.816499272,TRUE,0,200,10,FALSE,FALSE
4.825047974,4.787066303,FALSE,0,18,3,FALSE,FALSE
2.808152544,2.788446675,TRUE,0,128,8,FALSE,FALSE
1.630599233,1.630060921,TRUE,0,32,4,FALSE,FALSE
5.14934743,3.860096572,FALSE,0,128,8,FALSE,TRUE
3.641064089,3.641041602,TRUE,0,162,9,FALSE,FALSE
1.911669229,1.670222098,TRUE,0,50,5,FALSE,FALSE
9.465439202,9.014327799,FALSE,0,72,6,FALSE,FALSE
7.894686118,7.626093124,FALSE,0,50,5,FALSE,FALSE
5.691447122,5.479353938,TRUE,0,128,8,FALSE,FALSE
6.517643032,4.836820667,FALSE,0,72,6,FALSE,TRUE
5.747949303,5.105152789,FALSE,0,72,6,FALSE,TRUE
4.151450796,3.788970859,TRUE,0,242,11,FALSE,FALSE
3.911918704,3.850129924,TRUE,0,98,7,FALSE,FALSE
1.965310279,1.923191619,TRUE,0,72,6,FALSE,FALSE
4.848444416,4.467519584,FALSE,0,50,5,FALSE,TRUE
4.850390118,4.850358596,FALSE,0,18,3,FALSE,FALSE
8.466734896,7.614586532,FALSE,0,50,5,FALSE,FALSE
5.661636331,5.468398321,FALSE,0,162,9,FALSE,TRUE
2.681122236,2.51861227,TRUE,0,50,5,FALSE,FALSE
2.795809804,2.448804624,TRUE,0,200,10,FALSE,FALSE
1.923890827,1.688926694,TRUE,0,128,8,FALSE,FALSE
4.868885121,4.62517577,TRUE,0,98,7,FALSE,FALSE
4.930140094,4.892265303,FALSE,0,18,3,FALSE,FALSE
4.451663607,4.352679842,FALSE,0,72,6,FALSE,TRUE