Distance Travelled,Radial Distance,Deadend,Turned Head,Blocks,Radius,Timeout
3.119136708,2.827861925,FALSE,237,98,7,TRUE
16.83900891,10.30235664,TRUE,6,242,11,FALSE
6.166816181,5.66332198,TRUE,2,128,8,FALSE
2.616054405,2.527864279,TRUE,8,32,4,FALSE
5.403253846,5.255324658,TRUE,2,242,11,FALSE
2.375702781,2.303398134,TRUE,1,98,7,FALSE
6.274232122,6.181885883,FALSE,0,32,4,FALSE
10.98984993,10.42727791,FALSE,0,98,7,FALSE
6.458603258,6.295256599,FALSE,1,32,4,FALSE
4.037652656,3.924799852,TRUE,7,128,8,FALSE
4.527466433,3.921336219,TRUE,2,162,9,FALSE
1.747331775,1.699692999,TRUE,2,98,7,FALSE
9.347570393,9.026509086,FALSE,0,72,6,FALSE
10.63999583,10.48428207,FALSE,0,98,7,FALSE
3.971192867,3.507334959,TRUE,2,162,9,FALSE
13.97106916,10.44522926,FALSE,5,98,7,FALSE
12.47639608,11.84558405,FALSE,0,128,8,FALSE
5.00396538,4.852555748,FALSE,0,18,3,FALSE
9.714471593,8.564575922,FALSE,219,128,8,TRUE
12.28036628,11.82732521,FALSE,0,128,8,FALSE
4.782392436,4.747202762,FALSE,0,18,3,FALSE
5.004402441,4.866758604,FALSE,0,18,3,FALSE
2.683228916,2.408419261,TRUE,6,18,3,FALSE
4.960313349,4.876438524,FALSE,0,18,3,FALSE
7.228824174,3.734842069,TRUE,13,128,8,FALSE
9.02941749,4.807827383,TRUE,4,162,9,FALSE
2.661685129,2.468640822,TRUE,8,98,7,FALSE
9.676335426,9.044114553,FALSE,0,72,6,FALSE
2.572123148,2.057253403,FALSE,238,162,9,TRUE
5.905733809,5.716952088,TRUE,3,128,8,FALSE
7.780748258,7.679304603,FALSE,0,50,5,FALSE
10.57740607,10.44602769,FALSE,0,98,7,FALSE
3.898696022,3.784108489,TRUE,1,98,7,FALSE
24.17875004,4.123041035,TRUE,18,242,11,FALSE
6.594185593,6.176651478,FALSE,3,32,4,FALSE
5.14803199,4.244643019,FALSE,227,242,11,TRUE
2.710161609,2.652442477,TRUE,1,128,8,FALSE
3.347014175,2.916061278,TRUE,4,128,8,FALSE
8.707699962,8.341036217,TRUE,6,242,11,FALSE
1.895980029,1.543584423,FALSE,240,200,10,TRUE
9.397188893,9.001844003,FALSE,1,72,6,FALSE
8.830852779,8.097520427,TRUE,3,200,10,FALSE
3.320700753,2.854314185,FALSE,235,242,11,TRUE
15.65331712,14.70259323,FALSE,3,200,10,FALSE
9.396670435,9.008006479,FALSE,0,72,6,FALSE
8.823120528,7.692080449,FALSE,0,50,5,FALSE
2.589263322,2.543549247,TRUE,2,98,7,FALSE
3.321344347,2.873266626,FALSE,242,242,11,TRUE
1.895980029,1.543584423,FALSE,240,32,4,TRUE
7.920840475,7.03761851,TRUE,2,128,8,FALSE
5.241828278,4.699490537,TRUE,1,162,9,FALSE
7.884784801,6.926254481,TRUE,2,200,10,FALSE
1.753795658,1.556166963,TRUE,10,18,3,FALSE
1.86873348,1.824344516,TRUE,2,200,10,FALSE
3.222499354,2.866385191,FALSE,237,50,5,TRUE
4.825609524,4.822081193,FALSE,0,18,3,FALSE
10.94680738,10.52953999,FALSE,0,98,7,FALSE
6.151443556,6.066892662,TRUE,2,242,11,FALSE
7.57842518,7.578376107,FALSE,0,50,5,FALSE
6.190486798,6.18653289,FALSE,0,32,4,FALSE
6.759543093,6.280382663,FALSE,0,32,4,FALSE
4.850390118,4.850358596,FALSE,0,18,3,FALSE
10.56811888,7.656651263,FALSE,3,50,5,FALSE
6.289853087,6.252741315,FALSE,0,32,4,FALSE
2.871968794,2.760916248,TRUE,4,98,7,FALSE
4.812805431,4.794276408,FALSE,0,18,3,FALSE
2.906771994,2.769405395,TRUE,4,50,5,FALSE
8.146334042,7.718542948,FALSE,0,50,5,FALSE
2.429292802,2.337253788,TRUE,1,242,11,FALSE
15.94887033,15.37799699,FALSE,0,242,11,TRUE
1.92648006,1.847302349,TRUE,7,200,10,FALSE
2.762104343,2.651949528,TRUE,1,128,8,FALSE
3.117547279,1.737760686,TRUE,32,18,3,FALSE
7.915187284,7.6134685,FALSE,0,50,5,FALSE
3.199071407,2.878809479,TRUE,6,162,9,FALSE
8.108027875,5.54893149,TRUE,1,242,11,FALSE
5.386904774,3.826619496,FALSE,223,200,10,TRUE
1.515809744,1.496244844,TRUE,7,72,6,FALSE
2.558743373,2.397350828,TRUE,1,162,9,FALSE
6.253681802,6.203960456,FALSE,0,32,4,FALSE
1.944422271,1.823534603,TRUE,2,242,11,FALSE
7.286014321,6.300410051,FALSE,2,32,4,FALSE
11.21972372,10.41570646,FALSE,0,98,7,FALSE
1.793941095,1.722762967,TRUE,13,200,10,FALSE
6.190486798,6.18653289,FALSE,0,32,4,FALSE
2.037030355,1.984308359,TRUE,2,128,8,FALSE
2.557601025,2.446026765,TRUE,1,162,9,FALSE
6.345996438,6.306084047,FALSE,0,32,4,FALSE
10.47637638,10.42868392,FALSE,0,98,7,FALSE
4.806261165,4.551587111,TRUE,9,242,11,FALSE
1.657062019,1.608458212,TRUE,12,162,9,FALSE
15.80967909,1.668607419,TRUE,27,162,9,FALSE
4.819856066,4.815983979,FALSE,0,18,3,FALSE
4.850390118,4.850358596,FALSE,0,18,3,FALSE
7.969084235,7.662742711,FALSE,0,50,5,FALSE
7.626658426,7.315299804,TRUE,6,98,7,FALSE
11.52392755,10.44440026,FALSE,0,98,7,FALSE
6.564644237,2.912560222,TRUE,4,98,7,FALSE
11.17316589,10.40833001,FALSE,0,98,7,FALSE
3.38207185,2.852703824,FALSE,233,50,5,TRUE
2.939659279,2.614778657,TRUE,9,162,9,FALSE
10.22864505,9.75084738,TRUE,3,242,11,FALSE
8.611437554,7.586215973,FALSE,1,50,5,FALSE
2.903971112,2.524894295,FALSE,236,50,5,TRUE
8.420891652,7.960879713,TRUE,1,200,10,FALSE
9.427873069,8.729326532,TRUE,6,200,10,FALSE
5.369187266,5.040251095,TRUE,3,128,8,FALSE
5.395209266,3.554352282,TRUE,6,72,6,FALSE
8.175037653,7.361098533,TRUE,1,162,9,FALSE
5.44425589,4.74945423,FALSE,2,18,3,FALSE
6.487577728,6.211820192,FALSE,0,32,4,FALSE
26.00135409,13.29406008,FALSE,45,162,9,FALSE
9.20372213,9.134664312,FALSE,0,72,6,FALSE
4.047548504,3.786684667,TRUE,4,242,11,FALSE
4.81568148,4.587836062,TRUE,1,200,10,FALSE
2.241130485,2.096701566,TRUE,2,162,9,FALSE
5.835526832,5.722832544,TRUE,1,128,8,FALSE
9.763032261,7.61487407,FALSE,0,50,5,FALSE
3.585390295,3.275665504,TRUE,8,200,10,FALSE
15.79242229,14.75169682,FALSE,1,200,10,FALSE
2.5448225,2.308994151,TRUE,11,98,7,FALSE
4.741848815,3.53046404,TRUE,11,98,7,FALSE
6.436206719,6.305649673,FALSE,0,32,4,FALSE
7.502818072,6.409935963,TRUE,5,98,7,FALSE
5.234003217,4.466730142,TRUE,2,200,10,FALSE
2.428158459,2.406189204,TRUE,5,98,7,FALSE
2.045607421,2.015617205,TRUE,8,128,8,FALSE
7.820045112,7.662314297,FALSE,0,50,5,FALSE
10.53483763,10.45686137,FALSE,0,98,7,FALSE
3.242328465,2.94229125,TRUE,1,98,7,FALSE
4.738119927,4.461028236,TRUE,4,162,9,FALSE
4.782392436,4.747202762,FALSE,0,18,3,FALSE
4.819856066,4.815983979,FALSE,0,18,3,FALSE
12.88676054,7.743198646,TRUE,9,162,9,FALSE
12.48480465,11.92337714,FALSE,0,128,8,FALSE
1.718073121,1.676244911,TRUE,1,128,8,FALSE
1.895980029,1.543584423,FALSE,240,72,6,TRUE
1.723304582,1.632398233,TRUE,6,72,6,FALSE
3.872421734,3.466937972,FALSE,234,242,11,TRUE
8.424294589,7.67307741,FALSE,2,50,5,FALSE
12.09681836,11.96212623,FALSE,0,128,8,FALSE
1.952012899,1.923269107,TRUE,7,128,8,FALSE
9.344507137,7.707905259,FALSE,1,50,5,FALSE
12.03386026,11.96144393,FALSE,0,128,8,FALSE
8.039275461,7.589382483,FALSE,0,50,5,FALSE
4.797427729,4.256371941,FALSE,232,72,6,TRUE
9.830393719,9.113615462,FALSE,0,72,6,FALSE
6.451982861,6.223166341,FALSE,0,32,4,FALSE
7.727946956,7.646343765,FALSE,0,50,5,FALSE
13.44392433,11.88511758,FALSE,0,128,8,FALSE
3.069077919,2.341878186,FALSE,242,98,7,TRUE
4.882145887,4.823376478,FALSE,0,18,3,FALSE
2.467100056,2.330586665,TRUE,5,128,8,FALSE
3.177193122,2.935232806,TRUE,1,162,9,FALSE
2.265710789,2.244684379,TRUE,4,50,5,FALSE
6.22747919,6.190731428,FALSE,0,32,4,FALSE
9.350018264,7.608086536,FALSE,0,50,5,FALSE
4.426703548,4.211671224,TRUE,6,162,9,FALSE
2.80354989,2.576705499,TRUE,6,32,4,FALSE
7.382750979,6.293862797,TRUE,3,242,11,FALSE
1.92193733,1.536110289,FALSE,242,242,11,TRUE
6.987873305,6.156863224,FALSE,0,32,4,FALSE
3.974276836,3.93627842,TRUE,2,200,10,FALSE
17.42304344,10.54887551,FALSE,1,98,7,FALSE
2.746227462,2.682938012,TRUE,6,32,4,FALSE
5.383646388,5.169286444,TRUE,3,242,11,FALSE
4.765102797,4.426950704,TRUE,1,50,5,FALSE
5.510191369,3.443906034,TRUE,6,162,9,FALSE
2.687022402,2.490079114,TRUE,6,242,11,FALSE
12.15701939,11.81561844,FALSE,0,128,8,FALSE
1.795323484,1.744432102,TRUE,6,200,10,FALSE
16.29812819,14.76219508,FALSE,0,200,10,FALSE
4.928368467,4.633858786,TRUE,2,72,6,FALSE
3.195442579,2.939309526,TRUE,8,128,8,FALSE
3.270745293,2.866594903,FALSE,235,32,4,TRUE
4.183600592,3.549866069,TRUE,10,50,5,FALSE
4.825609524,4.822081193,FALSE,0,18,3,FALSE
14.27959467,13.2838294,FALSE,0,162,9,FALSE
2.034460914,1.979568541,TRUE,2,50,5,FALSE
13.38003291,5.098590662,TRUE,4,242,11,FALSE
8.498017443,7.701657945,FALSE,2,50,5,FALSE
5.120116347,4.182912223,FALSE,1,128,8,TRUE
1.895980029,1.543584423,FALSE,240,162,9,TRUE
6.273416772,6.23645834,FALSE,0,32,4,FALSE
4.92364052,4.879940092,FALSE,0,18,3,FALSE
6.228493868,5.652966021,TRUE,1,200,10,FALSE
3.60669836,2.55855206,TRUE,17,32,4,FALSE
10.65666049,10.52123627,FALSE,0,98,7,FALSE
7.754716977,7.713631158,FALSE,0,50,5,FALSE
6.615961488,6.203834306,FALSE,0,32,4,FALSE
4.115123875,3.766948386,FALSE,233,50,5,TRUE
20.33823969,13.27151197,FALSE,0,162,9,FALSE
2.913653067,2.320974753,TRUE,2,128,8,FALSE
4.819856066,4.815983979,FALSE,0,18,3,FALSE
6.274665663,6.207593053,FALSE,0,32,4,FALSE
4.325226568,3.456318553,FALSE,236,98,7,TRUE
9.96331539,6.355190681,TRUE,10,128,8,FALSE
6.298141033,6.258684051,FALSE,0,32,4,FALSE
1.880756571,1.554704941,FALSE,247,98,7,TRUE
4.170156033,3.566481462,TRUE,7,50,5,FALSE
3.878849957,3.659405265,TRUE,4,200,10,FALSE
8.508047271,7.849931497,FALSE,218,98,7,TRUE
7.085563525,6.288854543,FALSE,0,32,4,FALSE
13.88075971,11.88839478,FALSE,1,128,8,FALSE
4.269365209,3.774353689,TRUE,6,200,10,FALSE
5.316824602,4.874278038,FALSE,0,18,3,FALSE
7.409800273,6.527136559,TRUE,9,128,8,FALSE
15.55852401,3.495749845,TRUE,14,98,7,FALSE
4.781251431,4.761171549,TRUE,1,242,11,FALSE
8.131807149,7.64230045,FALSE,0,50,5,FALSE
16.98836749,16.0461211,FALSE,0,242,11,TRUE
4.850390118,4.850358596,FALSE,0,18,3,FALSE
7.328699689,4.64944445,FALSE,227,128,8,TRUE
4.508812831,4.248209854,TRUE,9,162,9,FALSE
7.918043491,7.703969058,FALSE,0,50,5,FALSE
23.2449062,11.81654785,FALSE,6,128,8,FALSE
2.771679239,2.557870073,TRUE,7,128,8,FALSE
8.26743144,7.688479754,FALSE,0,50,5,FALSE
11.38259106,10.45788086,FALSE,0,98,7,FALSE
16.58450557,3.561668954,TRUE,12,200,10,FALSE
10.76274977,10.53484948,FALSE,0,98,7,FALSE
4.159649694,3.542232698,TRUE,4,98,7,FALSE
4.225129465,3.583483081,TRUE,4,98,7,FALSE
6.272621503,6.020659759,TRUE,4,128,8,FALSE
4.885269097,4.79104516,FALSE,0,18,3,FALSE
9.136913368,9.00507978,FALSE,0,72,6,FALSE
11.34079598,10.47417933,FALSE,0,98,7,FALSE
8.563413918,6.249774378,FALSE,1,32,4,FALSE
10.80128281,10.46576463,FALSE,0,98,7,FALSE
4.183600592,3.549866069,TRUE,10,200,10,FALSE
7.3296517,6.988428029,TRUE,3,98,7,FALSE
4.273460756,3.469179588,FALSE,229,50,5,TRUE
6.670866285,6.178992946,FALSE,0,32,4,FALSE
5.30961516,4.834885006,FALSE,0,18,3,FALSE
8.357083907,7.608427131,FALSE,0,50,5,FALSE
14.27159414,13.36375402,FALSE,0,162,9,FALSE
4.255264575,4.009753226,TRUE,7,50,5,FALSE
4.304561333,3.818654008,TRUE,1,200,10,FALSE
5.078425996,4.835694847,TRUE,2,98,7,FALSE
13.36594045,5.108097106,TRUE,12,162,9,FALSE
4.939548891,4.802964509,FALSE,0,18,3,FALSE
7.800461719,7.670486578,FALSE,0,50,5,FALSE
14.3408081,13.33547668,FALSE,0,162,9,FALSE
3.104107513,2.915194285,TRUE,4,128,8,FALSE
14.74029728,14.67346776,FALSE,0,200,10,FALSE
4.902084283,4.473476676,TRUE,1,72,6,FALSE
4.372792037,3.993576735,TRUE,2,200,10,FALSE
9.168312207,9.089465452,FALSE,0,72,6,FALSE
4.758730035,4.430143835,TRUE,5,242,11,FALSE
7.349315009,7.017627429,TRUE,1,162,9,FALSE
12.99193884,5.137769273,TRUE,12,128,8,FALSE
13.58327382,6.484374088,TRUE,6,162,9,FALSE
18.60616537,14.69883317,FALSE,0,200,10,FALSE
7.710825883,6.694745959,TRUE,3,98,7,FALSE
7.568034034,5.250281587,TRUE,4,200,10,FALSE
4.333215887,4.12404697,TRUE,3,98,7,FALSE
6.416516932,6.259264797,FALSE,0,32,4,FALSE
3.987610852,3.915138996,TRUE,1,162,9,FALSE
12.05074566,8.808762415,TRUE,4,200,10,FALSE
12.05360542,11.93987438,FALSE,0,128,8,FALSE
5.079035739,3.743684113,TRUE,6,200,10,FALSE
2.78932043,2.585863924,TRUE,6,98,7,FALSE
4.8435156,4.610083677,TRUE,1,162,9,FALSE
5.512562857,5.342803157,TRUE,3,162,9,FALSE
9.117343231,6.125015709,TRUE,3,98,7,FALSE
11.80864373,10.48478287,FALSE,0,98,7,FALSE
8.511241407,7.639074161,FALSE,0,50,5,FALSE
15.11329478,4.440647962,TRUE,10,162,9,FALSE
2.78932043,2.585863924,TRUE,6,242,11,FALSE
7.703282601,7.590923634,FALSE,0,50,5,FALSE
7.674541299,7.610141816,FALSE,0,50,5,FALSE
2.78932043,2.585863924,TRUE,6,242,11,FALSE
10.03646746,9.072075542,FALSE,0,72,6,FALSE
10.093103,8.026495663,TRUE,4,200,10,FALSE
5.287072467,5.202092535,TRUE,4,98,7,FALSE
4.850390118,4.850358596,FALSE,0,18,3,FALSE
4.183600592,3.549866069,TRUE,10,50,5,FALSE
4.321515544,3.765180095,FALSE,234,98,7,TRUE
3.068534891,2.942144596,TRUE,5,50,5,FALSE
8.449739189,6.270417949,FALSE,1,32,4,FALSE
9.11580733,9.037622574,FALSE,0,72,6,FALSE
3.699194861,3.210160729,FALSE,241,162,9,TRUE
4.850390118,4.850358596,FALSE,0,18,3,FALSE
15.60741444,13.35023683,FALSE,0,162,9,FALSE
8.093693572,6.668807175,TRUE,5,162,9,FALSE
10.44812202,5.636364444,FALSE,213,72,6,TRUE
4.757782118,3.697694638,TRUE,5,128,8,FALSE
6.507364895,6.295195858,FALSE,0,32,4,FALSE
10.82994816,10.5453577,FALSE,0,98,7,FALSE
5.034721536,4.789335964,FALSE,0,18,3,FALSE
17.47637311,10.50750236,FALSE,6,98,7,FALSE
5.79660397,5.008854316,TRUE,2,200,10,FALSE
4.850390118,4.850358596,FALSE,0,18,3,FALSE
4.850390118,4.850358596,FALSE,0,18,3,FALSE
4.782392436,4.747202762,FALSE,0,18,3,FALSE
9.523241786,5.728991901,TRUE,8,128,8,FALSE
9.444621139,6.008756764,TRUE,4,242,11,FALSE
27.38320072,13.28442626,FALSE,12,162,9,FALSE
10.49694642,6.853774227,TRUE,2,242,11,FALSE
10.09075468,3.28908069,TRUE,11,98,7,FALSE
13.97412141,13.23195974,FALSE,0,162,9,FALSE
9.670911857,9.004782963,FALSE,0,72,6,FALSE
4.850390118,4.850358596,FALSE,0,18,3,FALSE
5.096456035,4.881447791,FALSE,0,18,3,FALSE
3.443328778,3.156929841,TRUE,11,98,7,FALSE
3.999958957,3.482187417,TRUE,3,162,9,FALSE
10.03199029,6.221420704,FALSE,1,32,4,FALSE
9.795609454,9.343238838,TRUE,3,242,11,FALSE
5.024707271,4.492016207,TRUE,11,72,6,FALSE
4.782392436,4.747202762,FALSE,0,18,3,FALSE
24.38079941,15.70469204,FALSE,2,242,11,TRUE
9.976946694,9.104260049,FALSE,0,72,6,FALSE
7.101096276,6.875689819,TRUE,2,242,11,FALSE
9.158223781,5.91044479,TRUE,3,200,10,FALSE
6.593781513,6.1978022,FALSE,0,32,4,FALSE
4.825047974,4.787066303,FALSE,0,18,3,FALSE
9.709420424,9.073318467,FALSE,0,72,6,FALSE
5.496455196,3.41039692,TRUE,9,50,5,FALSE
10.84895303,10.44481243,FALSE,0,98,7,FALSE
11.38328733,6.747674975,TRUE,1,242,11,FALSE
3.908903004,3.52667947,TRUE,7,50,5,FALSE
16.25956674,15.58388944,FALSE,0,242,11,TRUE
6.333388776,6.25433773,FALSE,0,32,4,FALSE
15.28371419,14.6897024,FALSE,0,200,10,FALSE
10.75661196,10.4243587,FALSE,0,98,7,FALSE
16.24526477,7.647597388,FALSE,3,50,5,FALSE
8.158090244,7.675840616,FALSE,0,50,5,FALSE
3.292813049,3.131253984,TRUE,2,242,11,FALSE
6.296619606,6.261409849,FALSE,0,32,4,FALSE
6.518031256,6.29606117,FALSE,0,32,4,FALSE
7.542348596,6.196084522,TRUE,2,128,8,FALSE
11.9525023,3.038325966,TRUE,4,242,11,FALSE
7.574280883,6.212286128,FALSE,0,32,4,FALSE
8.471695198,8.052483194,TRUE,1,242,11,FALSE
3.867984538,3.764760596,TRUE,1,242,11,FALSE
3.292813049,3.131253984,TRUE,2,128,8,FALSE
4.754850968,4.277255008,TRUE,2,162,9,FALSE
6.874933972,6.233105115,FALSE,0,32,4,FALSE
9.537640157,9.130289116,FALSE,0,72,6,FALSE
6.585353499,3.272647294,TRUE,4,128,8,FALSE
25.45216536,3.761353593,TRUE,11,200,10,FALSE
13.45173814,9.829178515,TRUE,2,242,11,FALSE
23.79282476,7.611816191,FALSE,0,50,5,FALSE
3.408433542,3.347689366,TRUE,4,98,7,FALSE
20.26491179,10.53785862,FALSE,1,98,7,FALSE
6.686675045,6.225225417,FALSE,0,32,4,FALSE
11.54053145,10.51482172,FALSE,0,98,7,FALSE
6.553561382,6.163782754,FALSE,0,32,4,FALSE
12.9219886,8.29743648,TRUE,2,200,10,FALSE
4.940003427,4.238749347,FALSE,236,128,8,TRUE
3.319265205,3.239376159,TRUE,4,242,11,FALSE
14.9174354,8.577834563,TRUE,7,242,11,FALSE
4.825047974,4.787066303,FALSE,0,18,3,FALSE
4.935665837,4.87021418,TRUE,1,128,8,FALSE
6.472754922,6.201623427,FALSE,0,32,4,FALSE
2.877116868,2.866201505,TRUE,3,72,6,FALSE
3.145893517,3.014896135,TRUE,2,242,11,FALSE
13.84933649,7.702331666,TRUE,6,162,9,FALSE
5.095378315,4.675001545,TRUE,1,98,7,FALSE
11.66534511,4.262408674,TRUE,8,200,10,FALSE
3.894826453,3.59926934,TRUE,5,50,5,FALSE
10.23276949,8.707272615,FALSE,186,128,8,TRUE
5.858564804,5.552562477,TRUE,9,98,7,FALSE
4.269912133,4.182143773,TRUE,1,200,10,FALSE
11.39611808,6.977992284,FALSE,202,128,8,TRUE
19.65541298,13.2823457,FALSE,2,162,9,FALSE
9.222383068,9.131732308,FALSE,0,72,6,FALSE
4.179298787,4.084921799,TRUE,1,200,10,FALSE
4.233537647,4.145170077,TRUE,5,242,11,FALSE
11.63067022,5.275323052,TRUE,11,128,8,FALSE
6.15350805,3.504134866,TRUE,20,128,8,FALSE
5.264909521,5.131139968,TRUE,4,162,9,FALSE
8.211955117,7.660510168,FALSE,0,50,5,FALSE
3.983077666,3.894776099,TRUE,1,72,6,FALSE
12.12834893,3.604461699,TRUE,12,200,10,FALSE
6.097992139,5.329056194,TRUE,6,162,9,FALSE
5.942464853,5.424886105,TRUE,2,242,11,FALSE
14.03725825,13.26114534,FALSE,0,162,9,FALSE
4.663320526,4.662692489,TRUE,1,200,10,FALSE
4.841779358,4.791702282,TRUE,1,162,9,FALSE
4.885269097,4.79104516,FALSE,0,18,3,FALSE
6.299724703,6.262775468,FALSE,0,32,4,FALSE
6.471509869,5.614016801,TRUE,2,128,8,FALSE
5.864230526,5.192945862,TRUE,2,128,8,FALSE
4.885269097,4.79104516,FALSE,0,18,3,FALSE
4.782392436,4.747202762,FALSE,0,18,3,FALSE
8.197553435,7.941951226,TRUE,1,200,10,FALSE
5.003847249,4.841124211,FALSE,0,18,3,FALSE
4.598482855,4.256336883,TRUE,9,242,11,FALSE
5.39004844,5.091049422,TRUE,1,72,6,FALSE
6.91480857,5.987780855,TRUE,3,128,8,FALSE
4.23064242,4.058481575,TRUE,9,200,10,FALSE
2.966538119,2.921459222,TRUE,2,98,7,FALSE
3.408433542,3.347689366,TRUE,4,50,5,FALSE
5.258418128,4.975396604,TRUE,1,162,9,FALSE
5.971431863,4.281805182,TRUE,7,242,11,FALSE
5.754794103,4.927376474,TRUE,1,200,10,FALSE
3.031764218,2.962224102,TRUE,2,162,9,FALSE
4.782392436,4.747202762,FALSE,0,18,3,FALSE
15.63413807,14.67306064,FALSE,0,200,10,FALSE
8.46007904,7.576231654,FALSE,219,200,10,TRUE
12.3461072,9.775844087,TRUE,5,242,11,FALSE
6.300608242,5.686561564,TRUE,3,98,7,FALSE
12.31385401,4.287175374,TRUE,5,242,11,FALSE
6.326114041,6.285242986,FALSE,0,32,4,FALSE
4.797543397,4.23930728,FALSE,230,98,7,TRUE
6.548994303,6.168979999,TRUE,3,200,10,FALSE
3.488562286,3.415781707,TRUE,4,98,7,FALSE
5.854899712,3.737420761,FALSE,228,50,5,TRUE
11.81261842,10.5060984,FALSE,1,98,7,FALSE
5.777297638,5.491476213,TRUE,1,162,9,FALSE
8.096209736,7.669331824,FALSE,0,50,5,FALSE
11.01038176,9.122745808,FALSE,0,72,6,FALSE
12.75971932,9.044911552,FALSE,0,72,6,FALSE
12.08568606,11.95577177,FALSE,0,128,8,FALSE
18.91632859,14.79074047,FALSE,1,200,10,FALSE
7.037943444,6.167962548,FALSE,0,32,4,FALSE
4.579524275,4.281729888,TRUE,5,128,8,FALSE
10.01448598,9.053766255,FALSE,0,72,6,FALSE
10.55800786,10.42803193,FALSE,0,98,7,FALSE
4.172448808,3.814015897,TRUE,1,162,9,FALSE
5.471321091,4.530054534,TRUE,1,200,10,FALSE
6.326114041,6.285242986,FALSE,0,32,4,FALSE
4.814408832,4.776421541,FALSE,0,18,3,FALSE
17.49309408,14.67607368,FALSE,0,200,10,FALSE
12.89259074,11.96258481,FALSE,0,128,8,FALSE
5.269381983,5.004551929,TRUE,1,242,11,FALSE
7.200749156,6.274035433,FALSE,0,32,4,FALSE
8.524557303,7.646163803,TRUE,1,200,10,FALSE
6.126954784,5.961366017,TRUE,2,200,10,FALSE
4.782392436,4.747202762,FALSE,0,18,3,FALSE
8.012515288,6.40807498,TRUE,1,98,7,FALSE
8.825385013,3.920321724,TRUE,9,98,7,FALSE
4.071472665,3.981778487,TRUE,8,128,8,FALSE
4.723823752,4.473260195,TRUE,1,242,11,FALSE
4.850390118,4.850358596,FALSE,0,18,3,FALSE
10.91429163,10.52300162,FALSE,0,98,7,FALSE
6.207649816,4.526700153,FALSE,225,72,6,TRUE
3.878849957,3.659405265,TRUE,4,98,7,FALSE
23.78007404,6.643489563,TRUE,6,162,9,FALSE
8.907826672,3.452043888,FALSE,225,50,5,TRUE
4.841367553,4.411043396,TRUE,11,242,11,FALSE
4.825047974,4.787066303,FALSE,0,18,3,FALSE
4.605998601,4.357183928,TRUE,6,162,9,FALSE
5.380138282,4.774009945,FALSE,0,18,3,FALSE
8.472564102,7.642801762,FALSE,0,50,5,FALSE
12.87721571,10.52321097,FALSE,1,98,7,FALSE
5.955837867,4.787251118,TRUE,7,72,6,FALSE
5.003847249,4.841124211,FALSE,0,18,3,FALSE
7.526015794,6.161808646,FALSE,0,32,4,FALSE
14.29242942,13.35241234,FALSE,0,162,9,FALSE
5.102813113,3.730985356,TRUE,6,162,9,FALSE
5.049621685,4.781938478,FALSE,0,18,3,FALSE
4.774795609,4.039258509,FALSE,232,128,8,TRUE
9.404862102,8.680556245,TRUE,4,162,9,FALSE
8.711885242,7.779931006,TRUE,5,162,9,FALSE
12.2049491,10.42153023,FALSE,1,98,7,FALSE
11.09121065,9.116653912,FALSE,1,72,6,FALSE
6.214394566,6.214354291,FALSE,0,32,4,FALSE
7.071795222,4.92856823,TRUE,1,200,10,FALSE
26.83589503,4.535296349,TRUE,10,242,11,FALSE
5.99961123,5.581222223,TRUE,4,200,10,FALSE
10.58368222,10.44889266,FALSE,0,98,7,FALSE
7.72161481,4.881712792,FALSE,3,18,3,FALSE
5.726962576,5.240712012,TRUE,1,200,10,FALSE
14.91859796,13.27655737,FALSE,0,162,9,FALSE
9.016012283,4.609234013,TRUE,13,72,6,FALSE
4.825047974,4.787066303,FALSE,0,18,3,FALSE
8.145920499,7.698407323,FALSE,0,50,5,FALSE
7.323010363,3.887824129,TRUE,15,162,9,FALSE
10.67703166,10.42329083,FALSE,0,98,7,FALSE
4.317897684,3.769484078,FALSE,232,32,4,TRUE
14.97472408,9.004151229,TRUE,8,200,10,FALSE
5.096456035,4.881447791,FALSE,0,18,3,FALSE
7.536578871,6.16009072,FALSE,0,32,4,FALSE
9.77797712,9.1882272,TRUE,4,242,11,FALSE
10.00819807,9.046215155,FALSE,0,72,6,FALSE
6.518031256,6.29606117,FALSE,0,32,4,FALSE
8.764178518,7.835334397,FALSE,215,162,9,TRUE
3.61421755,3.48244969,TRUE,1,162,9,FALSE
8.722074294,7.698174739,FALSE,0,50,5,FALSE
5.049621685,4.781938478,FALSE,0,18,3,FALSE
3.978661588,3.528043462,TRUE,6,72,6,FALSE
6.333388776,6.25433773,FALSE,0,32,4,FALSE
10.73528355,9.101781699,FALSE,0,72,6,FALSE
13.33458502,13.23564287,FALSE,0,162,9,FALSE
6.326114041,6.285242986,FALSE,0,32,4,FALSE
4.277400536,3.466105699,FALSE,235,98,7,TRUE
6.333388776,6.25433773,FALSE,0,32,4,FALSE
13.50191414,5.132084464,TRUE,6,162,9,FALSE
5.537376554,4.154750614,TRUE,4,128,8,FALSE
6.676076625,4.08467634,TRUE,2,128,8,FALSE
3.319265205,3.239376159,TRUE,4,128,8,FALSE
16.59422601,16.20620142,FALSE,0,242,11,FALSE
6.214394566,6.214354291,FALSE,0,32,4,FALSE
12.95290671,10.53489054,FALSE,1,98,7,FALSE
7.755037711,7.386699081,TRUE,3,162,9,FALSE
2.771679239,2.557870073,TRUE,7,162,9,FALSE
10.92510476,5.727329845,TRUE,4,128,8,FALSE
3.534539685,3.423818442,TRUE,2,128,8,FALSE
4.807926381,4.487669293,TRUE,1,98,7,FALSE
10.79403356,10.47234842,FALSE,0,98,7,FALSE
4.076223048,3.924982673,TRUE,6,242,11,FALSE
2.78932043,2.585863924,TRUE,6,32,4,FALSE
8.549299044,4.365696903,TRUE,11,200,10,FALSE
14.99175868,14.78605787,FALSE,0,200,10,FALSE
4.814408832,4.776421541,FALSE,0,18,3,FALSE
3.685506371,3.221043238,TRUE,1,162,9,FALSE
8.083204311,7.617323221,FALSE,0,50,5,FALSE
16.56477194,14.78674392,FALSE,3,200,10,FALSE
4.939548891,4.802964509,FALSE,0,18,3,FALSE
6.409963812,6.19412008,FALSE,0,32,4,FALSE
6.474419223,6.285701972,FALSE,0,32,4,FALSE
21.4237893,13.31390497,FALSE,3,162,9,FALSE
15.45080065,6.184273085,FALSE,200,242,11,TRUE
11.97495975,11.91710796,FALSE,0,128,8,FALSE
6.825674871,6.29054861,FALSE,229,128,8,TRUE
17.21196315,14.6653771,FALSE,0,200,10,FALSE
9.520616701,9.073334241,FALSE,0,72,6,FALSE
4.799616371,4.696776877,TRUE,1,200,10,FALSE
10.06337719,8.576693163,TRUE,1,200,10,FALSE
3.359564605,3.198351335,TRUE,7,98,7,FALSE
7.510192171,6.470476723,FALSE,223,72,6,TRUE
2.78932043,2.585863924,TRUE,6,98,7,FALSE
4.762386887,4.71214424,TRUE,1,242,11,FALSE
3.112455677,2.793503646,TRUE,9,72,6,FALSE
6.345996438,6.306084047,FALSE,0,32,4,FALSE
9.337052038,4.66555559,FALSE,213,242,11,TRUE
4.403638536,4.244883059,TRUE,5,98,7,FALSE
10.75775301,10.50095632,FALSE,0,98,7,FALSE
6.332381127,6.220151783,FALSE,0,32,4,FALSE
6.282433084,6.229270224,FALSE,0,32,4,FALSE
13.59051431,11.93186006,FALSE,6,128,8,FALSE
6.413431259,6.262891817,FALSE,0,32,4,FALSE
4.850390118,4.850358596,FALSE,0,18,3,FALSE
5.7192653,4.405851169,TRUE,1,128,8,FALSE
13.44025451,7.388926112,TRUE,7,200,10,FALSE
4.814408832,4.776421541,FALSE,0,18,3,FALSE
3.314178318,3.142811286,TRUE,6,162,9,FALSE
7.860569439,7.141695036,TRUE,10,200,10,FALSE
15.95507452,5.088469001,TRUE,3,162,9,FALSE
7.768613458,7.67917185,FALSE,0,50,5,FALSE
3.314178318,3.142811286,TRUE,6,72,6,FALSE
6.574472858,6.295125316,FALSE,0,32,4,FALSE
9.509757367,6.800623179,TRUE,3,128,8,FALSE
8.359960546,7.69161075,FALSE,0,50,5,FALSE
4.004479001,3.491931453,TRUE,2,72,6,FALSE
11.28519328,10.51361571,FALSE,0,98,7,FALSE
13.27785551,9.02116405,FALSE,1,72,6,FALSE
6.607263915,3.837118362,TRUE,5,98,7,FALSE
4.02134741,3.706334999,TRUE,10,32,4,FALSE
7.250235471,3.470452048,FALSE,222,98,7,TRUE
6.762476733,6.253789843,FALSE,0,32,4,FALSE
9.467350683,9.088751001,FALSE,0,72,6,FALSE
7.787033002,7.622904913,FALSE,0,50,5,FALSE
16.85301546,7.65142799,FALSE,1,50,5,FALSE
6.698369432,5.282941315,TRUE,6,128,8,FALSE
5.049621685,4.781938478,FALSE,0,18,3,FALSE
15.30071702,9.021320389,FALSE,1,72,6,FALSE
9.511188483,7.683094448,FALSE,0,50,5,FALSE
3.534539685,3.423818442,TRUE,2,128,8,FALSE
4.571520799,4.355145338,TRUE,1,162,9,FALSE
7.917867669,7.699169709,FALSE,0,50,5,FALSE
9.198554336,4.472596747,TRUE,1,98,7,FALSE
4.850390118,4.850358596,FALSE,0,18,3,FALSE
8.693267095,8.127175579,TRUE,1,200,10,FALSE
6.879712956,6.224915018,FALSE,1,32,4,FALSE
9.042314569,3.261029474,TRUE,5,50,5,FALSE
8.297026904,6.255190807,FALSE,1,32,4,FALSE
15.08989282,10.48796904,FALSE,5,98,7,FALSE
6.214394566,6.214354291,FALSE,0,32,4,FALSE
10.44585812,3.93319157,TRUE,11,98,7,FALSE
4.434728552,4.088441992,TRUE,3,200,10,FALSE
4.822695118,4.7284888,TRUE,1,128,8,FALSE
14.86676133,9.111549139,FALSE,1,72,6,FALSE
8.939516304,8.438774864,TRUE,2,242,11,FALSE
4.956729731,4.772040421,FALSE,0,18,3,FALSE
3.314178318,3.142811286,TRUE,6,242,11,FALSE
14.0365339,3.184767671,TRUE,8,162,9,FALSE
16.57978793,6.31144622,TRUE,7,242,11,FALSE
17.85400472,10.41855594,FALSE,2,98,7,FALSE
5.197392256,4.747168363,TRUE,2,242,11,FALSE
6.268822499,6.163382157,FALSE,0,32,4,FALSE
31.63522368,9.753134241,FALSE,130,200,10,TRUE
4.352684408,3.942933759,TRUE,7,162,9,FALSE
8.381996854,7.236719134,TRUE,1,242,11,FALSE
4.825047974,4.787066303,FALSE,0,18,3,FALSE
6.380165779,6.210312599,FALSE,0,32,4,FALSE
12.6457098,7.636437038,FALSE,2,50,5,FALSE
11.33472875,4.422436033,TRUE,3,128,8,FALSE
11.12390141,8.514465448,FALSE,206,200,10,TRUE
10.8598943,9.101982195,FALSE,1,72,6,FALSE
9.890642851,9.090710746,FALSE,1,72,6,FALSE
12.99754066,7.408844492,TRUE,11,98,7,FALSE
5.77629165,4.874409937,TRUE,8,242,11,FALSE
7.462363304,6.26010725,FALSE,0,32,4,FALSE
18.58512073,11.84564943,FALSE,1,128,8,FALSE
8.496864185,7.419515835,TRUE,13,98,7,FALSE
17.85890233,14.73303872,FALSE,0,200,10,FALSE
5.663815971,5.326787279,TRUE,7,162,9,FALSE
18.65670414,13.22874703,FALSE,1,162,9,FALSE
9.641047604,2.704710274,TRUE,6,162,9,FALSE
4.956729731,4.772040421,FALSE,0,18,3,FALSE
4.930140094,4.892265303,FALSE,0,18,3,FALSE
7.354131498,6.175268914,FALSE,0,32,4,FALSE
5.005887172,4.878401974,TRUE,1,200,10,FALSE
6.251580386,6.16574945,FALSE,0,32,4,FALSE
9.804191727,7.642211073,FALSE,1,50,5,FALSE
4.207658724,3.827263186,TRUE,1,128,8,FALSE
6.146147395,5.529234058,TRUE,12,200,10,FALSE
11.03327942,7.455159105,TRUE,3,162,9,FALSE
6.333388776,6.25433773,FALSE,0,32,4,FALSE
12.19970672,10.52424013,FALSE,1,98,7,FALSE
4.327586697,3.736284534,FALSE,232,50,5,TRUE
6.184877627,5.087094977,FALSE,1,200,10,TRUE
5.096456035,4.881447791,FALSE,0,18,3,FALSE
4.930140094,4.892265303,FALSE,0,18,3,FALSE
46.17416212,3.097700703,TRUE,16,72,6,FALSE
15.6812397,14.70901985,FALSE,0,200,10,FALSE
3.495178069,3.246402207,TRUE,7,128,8,FALSE
4.825047974,4.787066303,FALSE,0,18,3,FALSE
2.78932043,2.585863924,TRUE,6,72,6,FALSE
4.828483663,4.667707731,TRUE,1,72,6,FALSE
15.78049065,14.68433432,FALSE,0,200,10,FALSE
7.423845975,6.194209724,FALSE,0,32,4,FALSE
10.24754928,6.895427627,TRUE,2,242,11,FALSE
2.771679239,2.557870073,TRUE,7,242,11,FALSE
4.500869886,4.332424876,TRUE,3,128,8,FALSE
4.850390118,4.850358596,FALSE,0,18,3,FALSE
8.282494619,7.645319504,FALSE,0,50,5,FALSE
5.745405484,5.113461757,TRUE,11,128,8,FALSE
5.29507214,4.770959172,TRUE,6,128,8,FALSE
9.728070838,3.148477876,FALSE,220,128,8,TRUE
7.744177215,7.601374463,FALSE,0,50,5,FALSE
5.138305699,4.668261656,TRUE,11,200,10,FALSE
19.07141951,13.35554431,FALSE,3,162,9,FALSE
4.956729731,4.772040421,FALSE,0,18,3,FALSE
3.443328778,3.156929841,TRUE,11,200,10,FALSE
7.810876762,6.89304078,TRUE,5,162,9,FALSE
21.1139713,9.047968756,FALSE,2,72,6,FALSE
11.1807355,9.051101781,FALSE,0,72,6,FALSE
10.83397919,9.084859721,FALSE,1,72,6,FALSE
4.850390118,4.850358596,FALSE,0,18,3,FALSE
4.540819109,3.534128672,FALSE,232,128,8,TRUE
16.59238057,7.644192598,FALSE,4,50,5,FALSE
8.298992746,7.434136539,TRUE,2,162,9,FALSE
7.941606255,7.651374223,FALSE,0,50,5,FALSE
16.25459522,11.85827802,FALSE,1,128,8,FALSE
4.359786754,4.275893031,TRUE,4,98,7,FALSE
7.124168381,3.238426854,TRUE,8,242,11,FALSE
5.049621685,4.781938478,FALSE,0,18,3,FALSE
4.076223048,3.924982673,TRUE,6,50,5,FALSE
15.31749535,10.39467398,TRUE,5,242,11,FALSE
18.72831263,13.24698917,FALSE,1,162,9,FALSE
20.16874169,5.551673661,TRUE,5,242,11,FALSE
3.370863058,3.099317204,TRUE,1,162,9,FALSE
7.080536257,6.48373053,TRUE,115,242,11,FALSE
8.561422306,7.637788006,TRUE,3,200,10,FALSE
11.19784663,4.776988168,FALSE,3,18,3,FALSE
6.30784292,5.99643694,TRUE,6,242,11,FALSE
9.050619433,7.727281402,TRUE,2,162,9,FALSE
2.771679239,2.557870073,TRUE,7,128,8,FALSE
15.82119152,15.24323236,FALSE,0,242,11,TRUE
19.27641196,11.85671737,FALSE,8,128,8,FALSE
6.521355862,6.2899525,FALSE,0,32,4,FALSE
14.32778719,9.50876806,TRUE,2,242,11,FALSE
7.459773347,3.131480718,TRUE,7,72,6,FALSE
9.086842817,8.992798541,FALSE,0,72,6,FALSE
7.716250272,7.626904801,FALSE,0,50,5,FALSE
3.112455677,2.793503646,TRUE,9,128,8,FALSE
5.249240188,5.042350682,TRUE,4,72,6,FALSE
16.31030367,12.38664041,TRUE,6,242,11,FALSE
9.680549855,8.986514616,FALSE,0,72,6,FALSE
4.82220912,4.582650174,TRUE,6,128,8,FALSE
6.686675045,6.225225417,FALSE,0,32,4,FALSE
11.82758498,9.139167695,TRUE,7,242,11,FALSE
4.825047974,4.787066303,FALSE,0,18,3,FALSE
8.972276696,7.780450715,TRUE,1,162,9,FALSE
5.049621685,4.781938478,FALSE,0,18,3,FALSE
12.02022631,4.823614457,TRUE,5,162,9,FALSE
8.135021752,4.05286924,TRUE,9,50,5,FALSE
10.96116945,10.14986492,TRUE,1,200,10,FALSE
6.214394566,6.214354291,FALSE,0,32,4,FALSE
5.219194589,4.596556405,TRUE,1,200,10,FALSE
5.779909891,4.876527002,FALSE,0,18,3,FALSE
5.049621685,4.781938478,FALSE,0,18,3,FALSE
10.55914771,9.067609744,FALSE,1,72,6,FALSE
6.402251397,6.298381915,FALSE,0,32,4,FALSE
8.559125671,5.503853638,FALSE,220,128,8,TRUE
11.16028803,6.033970206,TRUE,1,128,8,FALSE
5.188592028,3.661316411,TRUE,6,98,7,FALSE
8.752414143,7.535120966,TRUE,1,242,11,FALSE
4.850390118,4.850358596,FALSE,0,18,3,FALSE
12.44282619,5.122864953,TRUE,2,200,10,FALSE
12.02252269,6.27370241,FALSE,3,32,4,FALSE
9.106416132,9.058904898,FALSE,0,72,6,FALSE
8.070559646,7.601378293,FALSE,2,50,5,FALSE
12.12307267,11.85812892,FALSE,0,128,8,FALSE
3.651628637,3.201814015,TRUE,1,162,9,FALSE
8.564967338,7.335413639,TRUE,1,162,9,FALSE
7.673961459,7.588213085,FALSE,0,50,5,FALSE
4.074418099,3.707340395,TRUE,5,200,10,FALSE
6.487541436,6.272665666,FALSE,0,32,4,FALSE
2.78932043,2.585863924,TRUE,6,162,9,FALSE
4.850390118,4.850358596,FALSE,0,18,3,FALSE
9.142141013,9.078865884,FALSE,0,72,6,FALSE
7.890801742,4.680064461,TRUE,18,200,10,FALSE
22.59014391,15.58417117,FALSE,22,242,11,TRUE
3.780295386,3.533696507,TRUE,7,50,5,FALSE
3.678006579,3.547909956,TRUE,2,162,9,FALSE
11.82620657,9.09319953,FALSE,1,72,6,FALSE
3.292813049,3.131253984,TRUE,2,72,6,FALSE
5.378955179,5.237551163,TRUE,3,200,10,FALSE
13.612634,13.28416684,FALSE,0,162,9,FALSE
4.850390118,4.850358596,FALSE,0,18,3,FALSE
7.713338544,7.635108523,FALSE,0,50,5,FALSE
4.255264575,4.009753226,TRUE,7,128,8,FALSE
4.52202417,4.138537048,TRUE,7,128,8,FALSE
6.588441103,6.193364101,FALSE,0,32,4,FALSE
7.668757392,7.630737903,FALSE,0,50,5,FALSE
7.974397083,7.678676788,FALSE,0,50,5,FALSE
4.850390118,4.850358596,FALSE,0,18,3,FALSE
6.214394566,6.214354291,FALSE,0,32,4,FALSE
7.372928584,6.298120065,FALSE,224,72,6,TRUE
5.816545113,4.80736116,TRUE,4,50,5,FALSE
11.23922015,3.263407314,TRUE,5,242,11,FALSE
13.40199389,13.24021508,FALSE,0,162,9,FALSE
2.966538119,2.921459222,TRUE,2,50,5,FALSE
8.525308907,3.734530895,TRUE,10,128,8,FALSE
16.22040734,5.97930263,TRUE,4,128,8,FALSE
2.877116868,2.866201505,TRUE,3,72,6,FALSE
8.705346446,4.356548853,TRUE,4,162,9,FALSE
7.733646348,7.60380514,FALSE,0,50,5,FALSE
3.150374213,3.074985708,TRUE,4,72,6,FALSE
4.930140094,4.892265303,FALSE,0,18,3,FALSE
7.241592388,6.610762668,FALSE,227,128,8,TRUE
7.144545714,6.737078192,TRUE,7,200,10,FALSE
7.244198927,6.704050273,TRUE,1,128,8,FALSE
6.40580987,6.158856749,FALSE,0,32,4,FALSE
3.926367819,3.364234874,TRUE,3,98,7,FALSE
3.405497647,3.05230575,TRUE,5,32,4,FALSE
4.850390118,4.850358596,FALSE,0,18,3,FALSE
10.69535723,9.027691874,FALSE,0,72,6,FALSE
8.473249618,7.681480761,FALSE,0,50,5,FALSE
4.814408832,4.776421541,FALSE,0,18,3,FALSE
10.66163365,10.43642484,FALSE,0,98,7,FALSE
5.516178646,5.117123792,TRUE,6,128,8,FALSE
13.69762853,11.89884121,FALSE,1,128,8,FALSE
16.07109263,14.76673611,FALSE,0,200,10,FALSE
9.175739479,9.083728396,FALSE,0,72,6,FALSE
12.73997823,4.843009025,TRUE,7,128,8,FALSE
4.76292543,4.249950876,TRUE,2,72,6,FALSE
5.982732062,4.755450855,TRUE,15,98,7,FALSE
4.782392436,4.747202762,FALSE,0,18,3,FALSE
3.112455677,2.793503646,TRUE,9,72,6,FALSE
5.256245118,4.421334326,TRUE,4,72,6,FALSE
6.554553229,6.165131534,FALSE,0,32,4,FALSE
8.818097653,7.697329148,TRUE,4,242,11,FALSE
11.5525423,7.717535978,FALSE,1,50,5,FALSE
14.43542949,7.696867822,FALSE,1,50,5,FALSE
9.851869335,9.118265219,FALSE,0,72,6,FALSE
26.57845768,11.9555945,FALSE,7,128,8,FALSE
4.939548891,4.802964509,FALSE,0,18,3,FALSE
4.909251597,4.482012514,TRUE,6,242,11,FALSE
10.75149124,9.917808777,TRUE,1,242,11,FALSE
5.703292222,5.257732024,TRUE,1,98,7,FALSE
17.0793654,15.45790608,FALSE,20,242,11,TRUE
7.685731297,5.811742036,TRUE,1,200,10,FALSE
7.985933226,6.365190317,TRUE,12,242,11,FALSE
10.17514346,7.916197025,TRUE,1,200,10,FALSE
9.933586003,6.281786621,FALSE,1,32,4,FALSE
7.379492661,6.998530505,TRUE,1,242,11,FALSE
3.602763358,3.270420426,TRUE,3,50,5,FALSE
4.825076192,4.541408171,TRUE,8,128,8,FALSE
4.850390118,4.850358596,FALSE,0,18,3,FALSE
6.325787776,3.858308756,TRUE,4,242,11,FALSE
5.005531167,4.233625149,FALSE,230,50,5,TRUE
16.17083394,15.62816938,FALSE,0,242,11,TRUE
5.929261429,3.918041048,TRUE,5,98,7,FALSE
3.475123283,3.142856739,TRUE,2,128,8,FALSE
6.433803639,6.262700182,FALSE,0,32,4,FALSE
8.945075758,5.172168936,TRUE,2,98,7,FALSE
6.282433084,6.229270224,FALSE,0,32,4,FALSE
16.75986332,14.72097028,FALSE,1,200,10,FALSE
10.7080281,10.40217643,FALSE,0,98,7,FALSE
4.825047974,4.787066303,FALSE,0,18,3,FALSE
4.364674122,4.249706792,TRUE,8,50,5,FALSE
10.44734231,9.041731594,FALSE,1,72,6,FALSE
6.570070568,6.175958304,FALSE,0,32,4,FALSE
4.807021582,3.984141671,TRUE,1,162,9,FALSE
4.282873908,3.774938623,FALSE,239,162,9,TRUE
3.602128835,3.483045743,TRUE,2,162,9,FALSE
10.13912833,4.725756736,TRUE,8,162,9,FALSE
8.257122867,4.848222296,FALSE,3,18,3,FALSE
14.36957636,9.129971041,FALSE,2,72,6,FALSE
16.97588018,4.924670515,TRUE,8,162,9,FALSE
7.076119474,6.756882606,TRUE,2,200,10,FALSE
11.89827438,9.048919942,FALSE,1,72,6,FALSE
5.049825926,4.248170178,TRUE,2,72,6,FALSE
9.199358242,9.013857819,FALSE,0,72,6,FALSE
13.74689283,8.182497376,FALSE,208,200,10,TRUE
3.150374213,3.074985708,TRUE,4,242,11,FALSE
7.715075974,7.645905405,FALSE,0,50,5,FALSE
3.988894195,3.91667392,TRUE,1,242,11,FALSE
7.985570679,7.615516471,FALSE,1,50,5,FALSE
8.449435094,7.365879068,TRUE,3,242,11,FALSE
3.878849957,3.659405265,TRUE,4,128,8,FALSE
3.987658677,3.532211973,TRUE,6,200,10,FALSE
11.40932976,7.679726505,FALSE,1,50,5,FALSE
17.28978317,8.219814597,TRUE,7,200,10,FALSE
7.877713155,6.732557296,TRUE,5,128,8,FALSE
6.74550373,6.667747412,TRUE,1,242,11,FALSE
16.75224876,16.19483715,FALSE,0,242,11,FALSE
16.60671103,14.76845982,FALSE,0,200,10,FALSE
5.049621685,4.781938478,FALSE,0,18,3,FALSE
4.180356106,3.795347973,TRUE,6,128,8,FALSE
4.627137424,4.403663363,TRUE,1,98,7,FALSE
5.063945118,4.69805517,TRUE,2,98,7,FALSE
19.49291049,5.021656384,FALSE,5,242,11,TRUE
37.58356284,22.75455449,FALSE,2,242,11,FALSE
3.405497647,3.05230575,TRUE,5,128,8,FALSE
7.72115005,6.285576718,TRUE,5,128,8,FALSE
5.049621685,4.781938478,FALSE,0,18,3,FALSE
7.42317074,6.681312835,TRUE,1,162,9,FALSE
9.937527938,6.680143549,TRUE,4,200,10,FALSE
7.832214129,7.588931139,FALSE,0,50,5,FALSE
10.63234446,10.4982547,FALSE,0,98,7,FALSE
16.41941751,15.66599824,FALSE,0,242,11,TRUE
4.023459674,3.501949029,TRUE,2,162,9,FALSE
4.850390118,4.850358596,FALSE,0,18,3,FALSE
6.249040583,6.189601546,FALSE,0,32,4,FALSE
5.990224077,5.622792335,TRUE,2,128,8,FALSE
5.863456757,5.256281968,TRUE,1,98,7,FALSE
15.34474368,13.26487691,FALSE,1,162,9,FALSE
14.62041052,5.438080916,TRUE,8,98,7,FALSE
6.977884564,6.286920099,FALSE,0,32,4,FALSE
9.056610568,8.989245297,FALSE,0,72,6,FALSE
13.11203967,11.9165572,FALSE,0,128,8,FALSE
10.78753421,6.158729512,TRUE,6,242,11,FALSE
14.28520443,7.694781679,FALSE,3,50,5,FALSE
4.939548891,4.802964509,FALSE,0,18,3,FALSE
3.602452931,3.485198305,TRUE,2,98,7,FALSE
3.408433542,3.347689366,TRUE,4,98,7,FALSE
4.074418099,3.707340395,TRUE,5,72,6,FALSE
3.823483524,3.391213714,TRUE,8,128,8,FALSE
12.58760259,3.639457852,TRUE,6,128,8,FALSE
15.00210336,14.73877541,FALSE,0,200,10,FALSE
10.23834866,9.052737523,FALSE,0,72,6,FALSE
4.825047974,4.787066303,FALSE,0,18,3,FALSE
11.78327787,7.632703915,FALSE,1,50,5,FALSE
6.405771779,6.158852518,FALSE,0,32,4,FALSE
6.912364184,6.592330268,TRUE,1,128,8,FALSE
4.850390118,4.850358596,FALSE,0,18,3,FALSE
19.39414696,16.13835941,FALSE,1,242,11,FALSE
11.87325679,9.03823951,FALSE,0,72,6,FALSE
8.372091363,6.167001835,FALSE,1,32,4,FALSE
7.706415994,5.260264918,TRUE,7,162,9,FALSE
10.2359901,4.33256371,TRUE,3,242,11,FALSE
6.759962003,6.272356179,FALSE,0,32,4,FALSE
4.850390118,4.850358596,FALSE,0,18,3,FALSE
10.15236418,9.158000223,TRUE,1,200,10,FALSE
10.61798826,10.45042692,FALSE,0,98,7,FALSE
9.021179853,8.237468257,FALSE,214,200,10,TRUE
8.056918531,4.027872006,TRUE,6,72,6,FALSE
4.103818269,3.787724591,TRUE,1,98,7,FALSE
6.13901114,5.899864655,TRUE,4,242,11,FALSE
4.283111048,3.349997339,TRUE,5,200,10,FALSE
16.54722272,9.047015274,FALSE,2,72,6,FALSE
10.62137676,10.48418135,FALSE,0,98,7,FALSE
3.600369979,3.486469188,TRUE,2,72,6,FALSE
8.006385942,7.718496234,FALSE,0,50,5,FALSE
6.369180456,5.759739845,TRUE,1,162,9,FALSE
4.936472703,4.88719495,TRUE,1,162,9,FALSE
8.265495754,7.667773583,FALSE,0,50,5,FALSE
10.76099528,9.009313207,FALSE,1,72,6,FALSE
5.219415127,4.097158167,TRUE,2,72,6,FALSE
9.805508315,9.093941981,FALSE,2,72,6,FALSE
12.54300445,3.864853587,TRUE,19,242,11,FALSE
6.686675045,6.225225417,FALSE,0,32,4,FALSE
7.086499793,4.8194956,TRUE,15,72,6,FALSE
5.522230197,4.693124319,FALSE,221,50,5,TRUE
9.148617034,9.01637058,FALSE,0,72,6,FALSE
8.540323279,7.705494976,FALSE,0,50,5,FALSE
9.446711214,9.108681842,FALSE,0,72,6,FALSE
3.337810398,3.171031518,TRUE,1,98,7,FALSE
7.509713936,7.115591945,TRUE,2,242,11,FALSE
6.576252264,6.300990474,FALSE,0,32,4,FALSE
4.876952894,4.317207547,FALSE,236,200,10,TRUE
12.50575513,11.90665022,FALSE,0,128,8,FALSE
6.426067546,6.258698055,FALSE,0,32,4,FALSE
9.441281371,9.130090181,FALSE,0,72,6,FALSE
6.16500546,5.105683588,TRUE,6,72,6,FALSE
4.825047974,4.787066303,FALSE,0,18,3,FALSE
4.850390118,4.850358596,FALSE,0,18,3,FALSE
4.814408832,4.776421541,FALSE,0,18,3,FALSE
4.930140094,4.892265303,FALSE,0,18,3,FALSE
6.496817945,3.462144161,FALSE,226,128,8,TRUE
5.593335476,5.507152147,TRUE,4,162,9,FALSE
7.862478427,7.693955419,FALSE,0,50,5,FALSE
10.41302558,4.902118798,TRUE,3,162,9,FALSE
10.22467385,9.175109995,TRUE,8,200,10,FALSE
4.282873908,3.774938623,FALSE,239,72,6,TRUE
6.354019908,5.141082917,TRUE,2,162,9,FALSE
4.850390118,4.850358596,FALSE,0,18,3,FALSE
6.352594442,6.180516191,FALSE,0,32,4,FALSE
12.57714998,6.228783402,TRUE,30,200,10,FALSE
5.167223801,4.823955837,TRUE,3,242,11,FALSE
6.706356602,6.324904541,TRUE,6,200,10,FALSE
3.825413834,3.393050109,TRUE,8,242,11,FALSE
9.412831529,9.076691471,FALSE,0,72,6,FALSE
2.771679239,2.557870073,TRUE,7,162,9,FALSE
8.479916528,7.635009102,FALSE,0,50,5,FALSE
7.893599101,3.472384569,TRUE,4,50,5,FALSE
13.03299981,7.642259199,FALSE,5,50,5,FALSE
4.850390118,4.850358596,FALSE,0,18,3,FALSE
7.255121298,6.278043982,FALSE,0,32,4,FALSE
3.878849957,3.659405265,TRUE,4,50,5,FALSE
6.946000723,6.746279463,TRUE,4,162,9,FALSE
4.850390118,4.850358596,FALSE,0,18,3,FALSE
5.241833585,5.050108906,TRUE,3,98,7,FALSE
2.771679239,2.557870073,TRUE,7,72,6,FALSE
7.304619265,6.439369069,TRUE,14,200,10,FALSE
13.24423418,11.92769158,FALSE,0,128,8,FALSE
12.51257477,11.85087198,FALSE,0,128,8,FALSE
3.112455677,2.793503646,TRUE,9,200,10,FALSE
6.388960723,6.215359039,FALSE,0,32,4,FALSE
9.077628854,6.921828873,TRUE,1,162,9,FALSE
6.401566924,5.301098648,TRUE,2,242,11,FALSE
3.155303689,3.066342617,TRUE,3,200,10,FALSE
6.701064913,6.171679205,FALSE,0,32,4,FALSE
4.932686948,4.841942547,TRUE,1,162,9,FALSE
6.000985124,5.518393673,TRUE,2,162,9,FALSE
4.782392436,4.747202762,FALSE,0,18,3,FALSE
7.121886991,6.302869762,TRUE,4,128,8,FALSE
4.310895242,3.731883369,FALSE,231,200,10,TRUE
6.551652292,5.445232851,TRUE,1,242,11,FALSE
4.155309937,3.472297528,FALSE,233,128,8,TRUE
2.771679239,2.557870073,TRUE,7,162,9,FALSE
4.086828399,3.98509457,TRUE,3,128,8,FALSE
5.049621685,4.781938478,FALSE,0,18,3,FALSE
12.78482727,11.83083091,FALSE,0,128,8,FALSE
13.48001045,3.976776228,TRUE,15,200,10,FALSE
4.994174379,4.252516997,FALSE,230,72,6,TRUE
4.814408832,4.776421541,FALSE,0,18,3,FALSE
7.948166317,7.685811442,FALSE,0,50,5,FALSE
12.012473,11.81889295,FALSE,0,128,8,FALSE
6.579175867,4.083465111,TRUE,10,242,11,FALSE
5.06452001,3.933385503,TRUE,2,72,6,FALSE
4.329411795,3.332540693,TRUE,4,98,7,FALSE
13.1584461,11.92787163,FALSE,0,128,8,FALSE
14.08510161,7.631256193,FALSE,3,50,5,FALSE
4.825047974,4.787066303,FALSE,0,18,3,FALSE
13.28889458,7.635409207,FALSE,2,50,5,FALSE
4.814408832,4.776421541,FALSE,0,18,3,FALSE
3.408433542,3.347689366,TRUE,4,50,5,FALSE
13.5467256,11.84273458,FALSE,0,128,8,FALSE
6.299724703,6.262775468,FALSE,0,32,4,FALSE
7.77944853,7.677324614,FALSE,0,50,5,FALSE
6.347530646,6.289612842,FALSE,0,32,4,FALSE
6.4798725,6.279588587,FALSE,0,32,4,FALSE
13.18405837,11.85412553,FALSE,0,128,8,FALSE
13.73317548,5.590728739,TRUE,1,128,8,FALSE
6.214394566,6.214354291,FALSE,0,32,4,FALSE
7.99774735,6.26369036,FALSE,1,32,4,FALSE
7.530752156,7.180319813,TRUE,4,162,9,FALSE
9.83786494,9.029705897,FALSE,0,72,6,FALSE
10.5671982,9.042030973,FALSE,0,72,6,FALSE
2.78932043,2.585863924,TRUE,6,200,10,FALSE
6.474887569,6.004762035,TRUE,1,98,7,FALSE
9.696802912,7.621799705,FALSE,0,50,5,FALSE
3.408433542,3.347689366,TRUE,4,200,10,FALSE
7.51251178,6.795135507,TRUE,4,128,8,FALSE
5.597625159,4.420400574,TRUE,19,162,9,FALSE
7.682988248,6.185019112,FALSE,1,32,4,FALSE
6.90406993,6.203672872,FALSE,0,32,4,FALSE
4.850390118,4.850358596,FALSE,0,18,3,FALSE
3.068534891,2.942144596,TRUE,5,162,9,FALSE
4.782392436,4.747202762,FALSE,0,18,3,FALSE
8.149671426,7.673519651,FALSE,0,50,5,FALSE
6.639698922,6.297117393,FALSE,0,32,4,FALSE
6.708181316,6.193267244,FALSE,0,32,4,FALSE
4.988920709,4.492969407,TRUE,6,72,6,FALSE
9.411505745,6.887442532,TRUE,2,128,8,FALSE
4.28967428,3.964509809,TRUE,2,242,11,FALSE
5.410110142,3.54876351,TRUE,4,242,11,FALSE
4.538284465,4.187254682,TRUE,4,128,8,FALSE
6.214394566,6.214354291,FALSE,0,32,4,FALSE
4.850390118,4.850358596,FALSE,0,18,3,FALSE
4.044153264,3.844323337,TRUE,1,72,6,FALSE
4.785059426,4.23677188,FALSE,232,162,9,TRUE
4.444545327,3.742803021,TRUE,6,50,5,FALSE
19.1018578,16.13040414,FALSE,0,242,11,FALSE
12.05725594,11.88623557,FALSE,0,128,8,FALSE
8.516175981,7.40887512,TRUE,4,242,11,FALSE
9.285509228,7.078793154,TRUE,4,162,9,FALSE
6.399249478,5.358521549,TRUE,7,98,7,FALSE
7.703282601,7.590923634,FALSE,0,50,5,FALSE
8.351817807,7.810615939,TRUE,5,162,9,FALSE
6.214394566,6.214354291,FALSE,0,32,4,FALSE
7.94112878,7.668771203,FALSE,0,50,5,FALSE